[2026-07-22 18:27:20] [INFO] Starting import. Valid unique URLs: 2466. Existing checkpoint records: 0.
[2026-07-22 18:27:20] [INFO] Icon downloading: True. Delay: 175 ms. Retries: 4.
[2026-07-22 18:27:20] [SUCCESS] [1/2466] Imported Air Dash Boots [Accessory_AirDash1]
[2026-07-22 18:27:21] [SUCCESS] [2/2466] Imported Double Air Dash Boots [Accessory_AirDash2]
[2026-07-22 18:27:21] [SUCCESS] [3/2466] Imported Triple Air Dash Boots [Accessory_AirDash3]
[2026-07-22 18:27:21] [SUCCESS] [4/2466] Imported Quadruple Air Dash Boots [Accessory_AirDash4]
[2026-07-22 18:27:21] [SUCCESS] [5/2466] Imported Ring of Water Resistance [Accessory_AquaResist_1]
[2026-07-22 18:27:21] [SUCCESS] [6/2466] Imported Ring of Water Resistance +1 [Accessory_AquaResist_2]
[2026-07-22 18:27:22] [SUCCESS] [7/2466] Imported Ring of Water Resistance +2 [Accessory_AquaResist_3]
[2026-07-22 18:27:22] [SUCCESS] [8/2466] Imported Attack Pendant [Accessory_AT_1]
[2026-07-22 18:27:22] [SUCCESS] [9/2466] Imported Attack Pendant +1 [Accessory_AT_2]
[2026-07-22 18:27:22] [SUCCESS] [10/2466] Imported Attack Pendant +2 [Accessory_AT_3]
[2026-07-22 18:27:23] [SUCCESS] [11/2466] Imported Phantom Ring [Accessory_Avoid_1]
[2026-07-22 18:27:23] [SUCCESS] [12/2466] Imported Wumpo Charm [Accessory_ColdIce_1]
[2026-07-22 18:27:23] [SUCCESS] [13/2466] Imported Thermal Undershirt [Accessory_CoolResist_1]
[2026-07-22 18:27:23] [SUCCESS] [14/2466] Imported Thermal Undershirt +1 [Accessory_CoolResist_2]
[2026-07-22 18:27:23] [SUCCESS] [15/2466] Imported Thermal Undershirt +2 [Accessory_CoolResist_3]
[2026-07-22 18:27:24] [SUCCESS] [16/2466] Imported Ring of Dark Resistance [Accessory_DarkResist_1]
[2026-07-22 18:27:24] [SUCCESS] [17/2466] Imported Ring of Dark Resistance +1 [Accessory_DarkResist_2]
[2026-07-22 18:27:24] [SUCCESS] [18/2466] Imported Ring of Dark Resistance +2 [Accessory_DarkResist_3]
[2026-07-22 18:27:24] [SUCCESS] [19/2466] Imported Defense Pendant [Accessory_defense_1]
[2026-07-22 18:27:25] [SUCCESS] [20/2466] Imported Defense Pendant +1 [Accessory_defense_2]
[2026-07-22 18:27:25] [SUCCESS] [21/2466] Imported Defense Pendant +2 [Accessory_defense_3]
[2026-07-22 18:27:25] [SUCCESS] [22/2466] Imported Warsect Terra's Belt [Accessory_DFHP_1]
[2026-07-22 18:27:25] [SUCCESS] [23/2466] Imported Ring of Dragon Resistance [Accessory_DragonResist_1]
[2026-07-22 18:27:25] [SUCCESS] [24/2466] Imported Ring of Dragon Resistance +1 [Accessory_DragonResist_2]
[2026-07-22 18:27:26] [ERROR] [25/2466] Failed Accessory_DragonResist_3: Argument types do not match
[2026-07-22 18:27:26] [SUCCESS] [26/2466] Imported Ring of Ground Resistance [Accessory_EarthResist_1]
[2026-07-22 18:27:26] [SUCCESS] [27/2466] Imported Ring of Ground Resistance +1 [Accessory_EarthResist_2]
[2026-07-22 18:27:26] [SUCCESS] [28/2466] Imported Ring of Ground Resistance +2 [Accessory_EarthResist_3]
[2026-07-22 18:27:27] [SUCCESS] [29/2466] Imported Explosion-Resistant Undershirt [Accessory_ExplosionResist]
[2026-07-22 18:27:27] [SUCCESS] [30/2466] Imported Ring of Fire Resistance [Accessory_FireResist_1]
[2026-07-22 18:27:27] [SUCCESS] [31/2466] Imported Ring of Fire Resistance +1 [Accessory_FireResist_2]
[2026-07-22 18:27:27] [SUCCESS] [32/2466] Imported Ring of Fire Resistance +2 [Accessory_FireResist_3]
[2026-07-22 18:27:27] [SUCCESS] [33/2466] Imported Vanguard Charm [Accessory_HCHP_1]
[2026-07-22 18:27:28] [SUCCESS] [34/2466] Imported Wandering Merchant Charm [Accessory_HCMW_1]
[2026-07-22 18:27:28] [SUCCESS] [35/2466] Imported Multiclimate Undershirt [Accessory_HeatColdResist_1]
[2026-07-22 18:27:28] [SUCCESS] [36/2466] Imported Multiclimate Undershirt +1 [Accessory_HeatColdResist_2]
[2026-07-22 18:27:28] [SUCCESS] [37/2466] Imported Multiclimate Undershirt +2 [Accessory_HeatColdResist_3]
[2026-07-22 18:27:28] [SUCCESS] [38/2466] Imported Reptyro Charm [Accessory_HeatFire_1]
[2026-07-22 18:27:29] [SUCCESS] [39/2466] Imported Heat Resistant Undershirt [Accessory_HeatResist_1]
[2026-07-22 18:27:29] [SUCCESS] [40/2466] Imported Heat Resistant Undershirt +1 [Accessory_HeatResist_2]
[2026-07-22 18:27:29] [SUCCESS] [41/2466] Imported Heat Resistant Undershirt +2 [Accessory_HeatResist_3]
[2026-07-22 18:27:29] [SUCCESS] [42/2466] Imported Life Pendant [Accessory_HP_1]
[2026-07-22 18:27:30] [SUCCESS] [43/2466] Imported Life Pendant +1 [Accessory_HP_2]
[2026-07-22 18:27:30] [SUCCESS] [44/2466] Imported Life Pendant +2 [Accessory_HP_3]
[2026-07-22 18:27:30] [SUCCESS] [45/2466] Imported Ring of Ice Resistance [Accessory_IceResist_1]
[2026-07-22 18:27:30] [SUCCESS] [46/2466] Imported Ring of Ice Resistance +1 [Accessory_IceResist_2]
[2026-07-22 18:27:30] [SUCCESS] [47/2466] Imported Ring of Ice Resistance +2 [Accessory_IceResist_3]
[2026-07-22 18:27:31] [SUCCESS] [48/2466] Imported Air Walker Mk I [Accessory_JumpAir_1]
[2026-07-22 18:27:31] [SUCCESS] [49/2466] Imported Air Walker Mk II [Accessory_JumpAir_2]
[2026-07-22 18:27:31] [ERROR] [50/2466] Failed Accessory_JumpCount_Increase1: Argument types do not match
[2026-07-22 18:27:31] [SUCCESS] [51/2466] Imported Triple Jump Boots [Accessory_JumpCount_Increase2]
[2026-07-22 18:27:32] [SUCCESS] [52/2466] Imported Quadruple Jump Boots [Accessory_JumpCount_Increase3]
[2026-07-22 18:27:32] [SUCCESS] [53/2466] Imported Anti-Gravity Belt [Accessory_JumpPower_Increase]
[2026-07-22 18:27:32] [SUCCESS] [54/2466] Imported Ring of Grass Resistance [Accessory_LeafResist_1]
[2026-07-22 18:27:32] [SUCCESS] [55/2466] Imported Ring of Grass Resistance +1 [Accessory_LeafResist_2]
[2026-07-22 18:27:32] [SUCCESS] [56/2466] Imported Ring of Grass Resistance +2 [Accessory_LeafResist_3]
[2026-07-22 18:27:33] [SUCCESS] [57/2466] Imported Ring of Freight [Accessory_MaxWeightUp_01]
[2026-07-22 18:27:33] [SUCCESS] [58/2466] Imported Ring of Freight +1 [Accessory_MaxWeightUp_02]
[2026-07-22 18:27:33] [SUCCESS] [59/2466] Imported Ring of Freight +2 [Accessory_MaxWeightUp_03]
[2026-07-22 18:27:33] [SUCCESS] [60/2466] Imported Pal Tamer's Glasses [Accessory_NonkChecker_1]
[2026-07-22 18:27:34] [SUCCESS] [61/2466] Imported Ring of Mercy [Accessory_Nonkilling]
[2026-07-22 18:27:34] [SUCCESS] [62/2466] Imported Ring of Neutral Resistance [Accessory_NormalResist_1]
[2026-07-22 18:27:34] [SUCCESS] [63/2466] Imported Ring of Neutral Resistance +1 [Accessory_NormalResist_2]
[2026-07-22 18:27:34] [SUCCESS] [64/2466] Imported Ring of Neutral Resistance +2 [Accessory_NormalResist_3]
[2026-07-22 18:27:34] [SUCCESS] [65/2466] Imported Elphidran Ring [Accessory_Otomo_Dargon_1]
[2026-07-22 18:27:35] [SUCCESS] [66/2466] Imported Katress Ring [Accessory_Otomo_Dark_1]
[2026-07-22 18:27:35] [SUCCESS] [67/2466] Imported Menasting Terra Ring [Accessory_Otomo_Earth_1]
[2026-07-22 18:27:35] [SUCCESS] [68/2466] Imported Fenglope Lux Ring [Accessory_Otomo_Electricity_1]
[2026-07-22 18:27:35] [SUCCESS] [69/2466] Imported Blazehowl Ring [Accessory_Otomo_Fire_1]
[2026-07-22 18:27:36] [SUCCESS] [70/2466] Imported Faleris Ring [Accessory_Otomo_Fire_2]
[2026-07-22 18:27:36] [SUCCESS] [71/2466] Imported Cryolinx Ring [Accessory_Otomo_Ice_1]
[2026-07-22 18:27:36] [SUCCESS] [72/2466] Imported Vaelet Ring [Accessory_Otomo_Leaf_1]
[2026-07-22 18:27:36] [SUCCESS] [73/2466] Imported Faleris Aqua Ring [Accessory_Otomo_Water_1]
[2026-07-22 18:27:37] [SUCCESS] [74/2466] Imported Dogen Emblem [Accessory_PPAT_1]
[2026-07-22 18:27:37] [ERROR] [75/2466] Failed Accessory_PPDF_1: Argument types do not match
[2026-07-22 18:27:37] [SUCCESS] [76/2466] Imported Air Walker Mk III [Accessory_SuperJumpAir_1]
[2026-07-22 18:27:37] [SUCCESS] [77/2466] Imported Air Walker EX [Accessory_SuperJumpAir_2]
[2026-07-22 18:27:37] [SUCCESS] [78/2466] Imported Ability Glasses [Accessory_TalentChecker]
[2026-07-22 18:27:38] [SUCCESS] [79/2466] Imported Ring of Electric Resistance [Accessory_ThunderResist_1]
[2026-07-22 18:27:38] [SUCCESS] [80/2466] Imported Ring of Electric Resistance +1 [Accessory_ThunderResist_2]
[2026-07-22 18:27:38] [SUCCESS] [81/2466] Imported Ring of Electric Resistance +2 [Accessory_ThunderResist_3]
[2026-07-22 18:27:38] [SUCCESS] [82/2466] Imported Islander's Tool Belt [Accessory_WKMC_1]
[2026-07-22 18:27:39] [SUCCESS] [83/2466] Imported Pendant of Diligence [Accessory_WorkSpeed_1]
[2026-07-22 18:27:39] [SUCCESS] [84/2466] Imported Pendant of Diligence +1 [Accessory_WorkSpeed_2]
[2026-07-22 18:27:39] [SUCCESS] [85/2466] Imported Pendant of Diligence +2 [Accessory_WorkSpeed_3]
[2026-07-22 18:27:39] [SUCCESS] [86/2466] Imported Small Pouch [AdditionalInventory_001]
[2026-07-22 18:27:39] [SUCCESS] [87/2466] Imported Medium Pouch [AdditionalInventory_002]
[2026-07-22 18:27:40] [SUCCESS] [88/2466] Imported Large Pouch [AdditionalInventory_003]
[2026-07-22 18:27:40] [SUCCESS] [89/2466] Imported Giant Pouch [AdditionalInventory_004]
[2026-07-22 18:27:40] [SUCCESS] [90/2466] Imported Kinship Peach [AffectionFruit_01]
[2026-07-22 18:27:40] [SUCCESS] [91/2466] Imported Little Kinship Peach [AffectionFruit_02]
[2026-07-22 18:27:41] [SUCCESS] [92/2466] Imported AI Core [AIcore]
[2026-07-22 18:27:41] [SUCCESS] [93/2466] Imported en Text [AirGrapplingGun]
[2026-07-22 18:27:41] [SUCCESS] [94/2466] Imported Ancient Armor [AncientArmor]
[2026-07-22 18:27:41] [SUCCESS] [95/2466] Imported Ancient Armor +1 [AncientArmor_2]
[2026-07-22 18:27:41] [SUCCESS] [96/2466] Imported Ancient Armor +2 [AncientArmor_3]
[2026-07-22 18:27:42] [SUCCESS] [97/2466] Imported Ancient Armor +3 [AncientArmor_4]
[2026-07-22 18:27:42] [SUCCESS] [98/2466] Imported Ancient Armor +4 [AncientArmor_5]
[2026-07-22 18:27:42] [SUCCESS] [99/2466] Imported Cold-Resistant Ancient Armor [AncientArmorCold]
[2026-07-22 18:27:42] [ERROR] [100/2466] Failed AncientArmorCold_2: Argument types do not match
[2026-07-22 18:27:43] [SUCCESS] [101/2466] Imported Cold-Resistant Ancient Armor +2 [AncientArmorCold_3]
[2026-07-22 18:27:43] [SUCCESS] [102/2466] Imported Cold-Resistant Ancient Armor +3 [AncientArmorCold_4]
[2026-07-22 18:27:43] [SUCCESS] [103/2466] Imported Cold-Resistant Ancient Armor +4 [AncientArmorCold_5]
[2026-07-22 18:27:43] [SUCCESS] [104/2466] Imported Heat-Resistant Ancient Armor [AncientArmorHeat]
[2026-07-22 18:27:43] [SUCCESS] [105/2466] Imported Heat-Resistant Ancient Armor +1 [AncientArmorHeat_2]
[2026-07-22 18:27:44] [SUCCESS] [106/2466] Imported Heat-Resistant Ancient Armor +2 [AncientArmorHeat_3]
[2026-07-22 18:27:44] [SUCCESS] [107/2466] Imported Heat-Resistant Ancient Armor +3 [AncientArmorHeat_4]
[2026-07-22 18:27:44] [SUCCESS] [108/2466] Imported Heat-Resistant Ancient Armor +4 [AncientArmorHeat_5]
[2026-07-22 18:27:44] [SUCCESS] [109/2466] Imported Lightweight Ancient Armor [AncientArmorWeight]
[2026-07-22 18:27:45] [SUCCESS] [110/2466] Imported Lightweight Ancient Armor +1 [AncientArmorWeight_2]
[2026-07-22 18:27:45] [SUCCESS] [111/2466] Imported Lightweight Ancient Armor +2 [AncientArmorWeight_3]
[2026-07-22 18:27:45] [SUCCESS] [112/2466] Imported Lightweight Ancient Armor +3 [AncientArmorWeight_4]
[2026-07-22 18:27:45] [SUCCESS] [113/2466] Imported Lightweight Ancient Armor +4 [AncientArmorWeight_5]
[2026-07-22 18:27:45] [SUCCESS] [114/2466] Imported Ancient Helm [AncientHelmet]
[2026-07-22 18:27:46] [SUCCESS] [115/2466] Imported Ancient Helm +1 [AncientHelmet_2]
[2026-07-22 18:27:46] [SUCCESS] [116/2466] Imported Ancient Helm +2 [AncientHelmet_3]
[2026-07-22 18:27:46] [SUCCESS] [117/2466] Imported Ancient Helm +3 [AncientHelmet_4]
[2026-07-22 18:27:46] [SUCCESS] [118/2466] Imported Ancient Helm +4 [AncientHelmet_5]
[2026-07-22 18:27:47] [SUCCESS] [119/2466] Imported Ancient Civilization Core [AncientParts2]
[2026-07-22 18:27:47] [SUCCESS] [120/2466] Imported Ancient Pal Manuscript [AncientParts3]
[2026-07-22 18:27:47] [SUCCESS] [121/2466] Imported Ancient Technical Manual [AncientTechnologyBook_G1]
[2026-07-22 18:27:47] [SUCCESS] [122/2466] Imported Animal Skin [AnimalSkin]
[2026-07-22 18:27:47] [SUCCESS] [123/2466] Imported en Text +1 [AnimalSkin2]
[2026-07-22 18:27:48] [SUCCESS] [124/2466] Imported Antibiotic_Good [Antibiotic_Good]
[2026-07-22 18:27:48] [ERROR] [125/2466] Failed Antibiotic_Normal: Argument types do not match
[2026-07-22 18:27:48] [SUCCESS] [126/2466] Imported Antibiotic_Super [Antibiotic_Super]
[2026-07-22 18:27:48] [SUCCESS] [127/2466] Imported Arrow [Arrow]
[2026-07-22 18:27:48] [SUCCESS] [128/2466] Imported Fire Arrow [Arrow_Fire]
[2026-07-22 18:27:49] [SUCCESS] [129/2466] Imported Poison Arrow [Arrow_Poison]
[2026-07-22 18:27:49] [SUCCESS] [130/2466] Imported Assault Rifle [AssaultRifle_Default1]
[2026-07-22 18:27:49] [SUCCESS] [131/2466] Imported Assault Rifle +1 [AssaultRifle_Default2]
[2026-07-22 18:27:49] [SUCCESS] [132/2466] Imported Assault Rifle +2 [AssaultRifle_Default3]
[2026-07-22 18:27:50] [SUCCESS] [133/2466] Imported Assault Rifle +3 [AssaultRifle_Default4]
[2026-07-22 18:27:50] [SUCCESS] [134/2466] Imported Assault Rifle +4 [AssaultRifle_Default5]
[2026-07-22 18:27:50] [SUCCESS] [135/2466] Imported en Text +2 [AssaultRifle_NPC]
[2026-07-22 18:27:50] [SUCCESS] [136/2466] Imported en Text +3 [AssaultRifle_NPC_GrassBoss]
[2026-07-22 18:27:50] [SUCCESS] [137/2466] Imported en Text +4 [AssaultRifle_NPC_Otomo]
[2026-07-22 18:27:51] [SUCCESS] [138/2466] Imported Assault Rifle Ammo [AssaultRifleBullet]
[2026-07-22 18:27:51] [SUCCESS] [139/2466] Imported Small Feed Bag [AutoMealPouch_Tier1]
[2026-07-22 18:27:51] [SUCCESS] [140/2466] Imported Average Feed Bag [AutoMealPouch_Tier2]
[2026-07-22 18:27:51] [SUCCESS] [141/2466] Imported Large Feed Bag [AutoMealPouch_Tier3]
[2026-07-22 18:27:52] [SUCCESS] [142/2466] Imported Huge Feed Bag [AutoMealPouch_Tier4]
[2026-07-22 18:27:52] [SUCCESS] [143/2466] Imported Giant Feed Bag [AutoMealPouch_Tier5]
[2026-07-22 18:27:52] [SUCCESS] [144/2466] Imported Pal Metal Axe [Axe_Steal]
[2026-07-22 18:27:52] [SUCCESS] [145/2466] Imported Stone Axe [Axe_Tier_00]
[2026-07-22 18:27:52] [SUCCESS] [146/2466] Imported Metal Axe [Axe_Tier_01]
[2026-07-22 18:27:53] [SUCCESS] [147/2466] Imported Refined Metal Axe [Axe_Tier_02]
[2026-07-22 18:27:53] [SUCCESS] [148/2466] Imported Axe4 [Axe_Tier_03]
[2026-07-22 18:27:53] [SUCCESS] [149/2466] Imported Rushoar Bacon 'n' Eggs [BaconEggs]
[2026-07-22 18:27:53] [ERROR] [150/2466] Failed Baked_Berries: Argument types do not match
[2026-07-22 18:27:53] [SUCCESS] [151/2466] Imported en Text +5 [Baked_Potato]
[2026-07-22 18:27:54] [SUCCESS] [152/2466] Imported Herb Roasted Caprity [BakedMeat_BerryGoat]
[2026-07-22 18:27:54] [SUCCESS] [153/2466] Imported Roast Rushoar [BakedMeat_Boar]
[2026-07-22 18:27:54] [SUCCESS] [154/2466] Imported Grilled Chikipi [BakedMeat_ChickenPal]
[2026-07-22 18:27:54] [SUCCESS] [155/2466] Imported Mozzarina Steak [BakedMeat_CowPal]
[2026-07-22 18:27:55] [SUCCESS] [156/2466] Imported Roast Eikthyrdeer [BakedMeat_Deer]
[2026-07-22 18:27:55] [SUCCESS] [157/2466] Imported Grilled Galeclaw [BakedMeat_Eagle]
[2026-07-22 18:27:55] [SUCCESS] [158/2466] Imported Mammorest Steak [BakedMeat_GrassMammoth]
[2026-07-22 18:27:55] [SUCCESS] [159/2466] Imported Munchill Steak [BakedMeat_IceCrocodile]
[2026-07-22 18:27:55] [SUCCESS] [160/2466] Imported Roast Reindrix [BakedMeat_IceDeer]
[2026-07-22 18:27:56] [SUCCESS] [161/2466] Imported Grilled Kelpsea [BakedMeat_Kelpie]
[2026-07-22 18:27:56] [SUCCESS] [162/2466] Imported Broiled Dumud [BakedMeat_LazyCatfish]
[2026-07-22 18:27:56] [SUCCESS] [163/2466] Imported Broncherry Rib Roast [BakedMeat_SakuraSaurus]
[2026-07-22 18:27:56] [SUCCESS] [164/2466] Imported Lamball Kebab [BakedMeat_SheepBall]
[2026-07-22 18:27:57] [SUCCESS] [165/2466] Imported Baked Mushroom [BakedMushroom]
[2026-07-22 18:27:57] [SUCCESS] [166/2466] Imported Wooden Club [Bat]
[2026-07-22 18:27:57] [SUCCESS] [167/2466] Imported en Text +6 [Bat_NPC]
[2026-07-22 18:27:57] [SUCCESS] [168/2466] Imported en Text +7 [Bat_NPC_Otomo]
[2026-07-22 18:27:57] [SUCCESS] [169/2466] Imported Bat [Bat2]
[2026-07-22 18:27:58] [SUCCESS] [170/2466] Imported Metal Bat [Bat3]
[2026-07-22 18:27:58] [SUCCESS] [171/2466] Imported Metal Bat +1 [Bat3_2]
[2026-07-22 18:27:58] [SUCCESS] [172/2466] Imported Metal Bat +2 [Bat3_3]
[2026-07-22 18:27:58] [SUCCESS] [173/2466] Imported Metal Bat +3 [Bat3_4]
[2026-07-22 18:27:59] [SUCCESS] [174/2466] Imported Metal Bat +4 [Bat3_5]
[2026-07-22 18:27:59] [ERROR] [175/2466] Failed BattleTicket: Argument types do not match
[2026-07-22 18:27:59] [SUCCESS] [176/2466] Imported Beam Launcher [BeamLauncher]
[2026-07-22 18:27:59] [SUCCESS] [177/2466] Imported Beam Launcher +1 [BeamLauncher_2]
[2026-07-22 18:27:59] [SUCCESS] [178/2466] Imported Beam Launcher +2 [BeamLauncher_3]
[2026-07-22 18:28:00] [SUCCESS] [179/2466] Imported Beam Launcher +3 [BeamLauncher_4]
[2026-07-22 18:28:00] [SUCCESS] [180/2466] Imported Beam Launcher +4 [BeamLauncher_5]
[2026-07-22 18:28:00] [SUCCESS] [181/2466] Imported Beam Launcher Ammo [BeamLauncherBullet]
[2026-07-22 18:28:00] [SUCCESS] [182/2466] Imported Beam Sword [BeamSword]
[2026-07-22 18:28:01] [SUCCESS] [183/2466] Imported Beam Sword +1 [BeamSword_2]
[2026-07-22 18:28:01] [SUCCESS] [184/2466] Imported Beam Sword +2 [BeamSword_3]
[2026-07-22 18:28:01] [SUCCESS] [185/2466] Imported Beam Sword +3 [BeamSword_4]
[2026-07-22 18:28:01] [SUCCESS] [186/2466] Imported Beam Sword +4 [BeamSword_5]
[2026-07-22 18:28:01] [SUCCESS] [187/2466] Imported en Text +8 [BeamSword_NPC]
[2026-07-22 18:28:02] [SUCCESS] [188/2466] Imported Ancient Bone [BeastBone_Ancient]
[2026-07-22 18:28:02] [SUCCESS] [189/2466] Imported Beer [Beer]
[2026-07-22 18:28:02] [SUCCESS] [190/2466] Imported en Text +9 [BelieverFatCane]
[2026-07-22 18:28:02] [SUCCESS] [191/2466] Imported en Text +10 [BelieverFatCane_Otomo]
[2026-07-22 18:28:03] [SUCCESS] [192/2466] Imported Red Berries [Berries]
[2026-07-22 18:28:03] [SUCCESS] [193/2466] Imported en Text +11 [Berries2]
[2026-07-22 18:28:03] [SUCCESS] [194/2466] Imported Berry Seeds [BerrySeeds]
[2026-07-22 18:28:03] [SUCCESS] [195/2466] Imported Bio Battery [Bio_Battery]
[2026-07-22 18:28:03] [SUCCESS] [196/2466] Imported Cryogenic Coolant [Bio_Coolant]
[2026-07-22 18:28:04] [SUCCESS] [197/2466] Imported BLT [BLT]
[2026-07-22 18:28:04] [SUCCESS] [198/2466] Imported Ring of Water Resistance Schematic [Blueprint_Accessory_AquaResist_1_2]
[2026-07-22 18:28:04] [SUCCESS] [199/2466] Imported Attack Pendant Schematic [Blueprint_Accessory_AT_1_2]
[2026-07-22 18:28:04] [ERROR] [200/2466] Failed Blueprint_Accessory_Avoid_1: Argument types do not match
[2026-07-22 18:28:05] [SUCCESS] [201/2466] Imported Phantom Ring Schematic +1 [Blueprint_Accessory_Avoid_1_fix]
[2026-07-22 18:28:05] [SUCCESS] [202/2466] Imported Wumpo Charm Schematic [Blueprint_Accessory_ColdIce_1]
[2026-07-22 18:28:05] [SUCCESS] [203/2466] Imported Thermal Undershirt Schematic [Blueprint_Accessory_CoolResist_1_2]
[2026-07-22 18:28:05] [SUCCESS] [204/2466] Imported Ring of Dark Resistance Schematic [Blueprint_Accessory_DarkResist_1_2]
[2026-07-22 18:28:05] [SUCCESS] [205/2466] Imported Defense Pendant Schematic [Blueprint_Accessory_defense_1_2]
[2026-07-22 18:28:06] [SUCCESS] [206/2466] Imported Warsect Terra's Belt Schematic [Blueprint_Accessory_DFHP_1]
[2026-07-22 18:28:06] [SUCCESS] [207/2466] Imported Ring of Dragon Resistance Schematic [Blueprint_Accessory_DragonResist_1_2]
[2026-07-22 18:28:06] [SUCCESS] [208/2466] Imported Ring of Ground Resistance Schematic [Blueprint_Accessory_EarthResist_1_2]
[2026-07-22 18:28:06] [SUCCESS] [209/2466] Imported Ring of Fire Resistance Schematic [Blueprint_Accessory_FireResist_1_2]
[2026-07-22 18:28:07] [SUCCESS] [210/2466] Imported Vanguard Charm Schematic [Blueprint_Accessory_HCHP_1]
[2026-07-22 18:28:07] [SUCCESS] [211/2466] Imported Wandering Merchant Charm Schematic [Blueprint_Accessory_HCMW_1]
[2026-07-22 18:28:07] [SUCCESS] [212/2466] Imported Multiclimate Undershirt Schematic [Blueprint_Accessory_HeatColdResist_1_2]
[2026-07-22 18:28:07] [SUCCESS] [213/2466] Imported Reptyro Charm Schematic [Blueprint_Accessory_HeatFire_1]
[2026-07-22 18:28:07] [SUCCESS] [214/2466] Imported Heat-Resistant Undershirt Schematic [Blueprint_Accessory_HeatResist_1_2]
[2026-07-22 18:28:08] [SUCCESS] [215/2466] Imported Life Pendant Schematic [Blueprint_Accessory_HP_1_2]
[2026-07-22 18:28:08] [SUCCESS] [216/2466] Imported Ring of Ice Resistance Schematic [Blueprint_Accessory_IceResist_1_2]
[2026-07-22 18:28:08] [SUCCESS] [217/2466] Imported Air Walker Mk I Schematic [Blueprint_Accessory_JumpAir_1]
[2026-07-22 18:28:08] [SUCCESS] [218/2466] Imported Air Walker Mk II Schematic [Blueprint_Accessory_JumpAir_2]
[2026-07-22 18:28:09] [SUCCESS] [219/2466] Imported Ring of Grass Resistance Schematic [Blueprint_Accessory_LeafResist_1_2]
[2026-07-22 18:28:09] [SUCCESS] [220/2466] Imported Ring of Freight Schematic [Blueprint_Accessory_MaxWeightUp_01_2]
[2026-07-22 18:28:09] [SUCCESS] [221/2466] Imported Pal Tamer's Glasses Schematic [Blueprint_Accessory_NonkChecker_1]
[2026-07-22 18:28:09] [SUCCESS] [222/2466] Imported Ring of Neutral Resistance Schematic [Blueprint_Accessory_NormalResist_1_2]
[2026-07-22 18:28:09] [SUCCESS] [223/2466] Imported Elphidran Ring Schematic [Blueprint_Accessory_Otomo_Dargon_1]
[2026-07-22 18:28:10] [SUCCESS] [224/2466] Imported Katress Ring Schematic [Blueprint_Accessory_Otomo_Dark_1]
[2026-07-22 18:28:10] [ERROR] [225/2466] Failed Blueprint_Accessory_Otomo_Earth_1: Argument types do not match
[2026-07-22 18:28:10] [SUCCESS] [226/2466] Imported Fenglope Lux Ring Schematic [Blueprint_Accessory_Otomo_Electricity_1]
[2026-07-22 18:28:10] [SUCCESS] [227/2466] Imported Blazehowl Ring Schematic [Blueprint_Accessory_Otomo_Fire_1]
[2026-07-22 18:28:11] [SUCCESS] [228/2466] Imported Faleris Ring Schematic [Blueprint_Accessory_Otomo_Fire_2]
[2026-07-22 18:28:11] [SUCCESS] [229/2466] Imported Cryolinx Ring Schematic [Blueprint_Accessory_Otomo_Ice_1]
[2026-07-22 18:28:11] [SUCCESS] [230/2466] Imported Vaelet Ring Schematic [Blueprint_Accessory_Otomo_Leaf_1]
[2026-07-22 18:28:11] [SUCCESS] [231/2466] Imported Faleris Aqua Ring Schematic [Blueprint_Accessory_Otomo_Water_1]
[2026-07-22 18:28:11] [SUCCESS] [232/2466] Imported Dogen Emblem Schematic [Blueprint_Accessory_PPAT_1]
[2026-07-22 18:28:12] [SUCCESS] [233/2466] Imported Silvegis Emblem Schematic [Blueprint_Accessory_PPDF_1]
[2026-07-22 18:28:12] [SUCCESS] [234/2466] Imported Air Walker Mk III Schematic [Blueprint_Accessory_SuperJumpAir_1]
[2026-07-22 18:28:12] [SUCCESS] [235/2466] Imported Air Walker EX Schematic [Blueprint_Accessory_SuperJumpAir_2]
[2026-07-22 18:28:12] [SUCCESS] [236/2466] Imported Ring of Electric Resistance Schematic [Blueprint_Accessory_ThunderResist_1_2]
[2026-07-22 18:28:13] [SUCCESS] [237/2466] Imported Islander's Tool Belt Schematic [Blueprint_Accessory_WKMC_1]
[2026-07-22 18:28:13] [SUCCESS] [238/2466] Imported Pendant of Diligence Schematic [Blueprint_Accessory_WorkSpeed_1_2]
[2026-07-22 18:28:13] [SUCCESS] [239/2466] Imported Ancient Armor Schematic 1 [Blueprint_AncientArmor_2]
[2026-07-22 18:28:13] [SUCCESS] [240/2466] Imported Ancient Armor Schematic 2 [Blueprint_AncientArmor_3]
[2026-07-22 18:28:13] [SUCCESS] [241/2466] Imported Ancient Armor Schematic 3 [Blueprint_AncientArmor_4]
[2026-07-22 18:28:14] [SUCCESS] [242/2466] Imported Ancient Armor Schematic 4 [Blueprint_AncientArmor_5]
[2026-07-22 18:28:14] [SUCCESS] [243/2466] Imported Cold-Resistant Ancient Armor Schematic 1 [Blueprint_AncientArmorCold_2]
[2026-07-22 18:28:14] [SUCCESS] [244/2466] Imported Cold-Resistant Ancient Armor Schematic 2 [Blueprint_AncientArmorCold_3]
[2026-07-22 18:28:14] [SUCCESS] [245/2466] Imported Cold-Resistant Ancient Armor Schematic 3 [Blueprint_AncientArmorCold_4]
[2026-07-22 18:28:14] [SUCCESS] [246/2466] Imported Cold-Resistant Ancient Armor Schematic 4 [Blueprint_AncientArmorCold_5]
[2026-07-22 18:28:15] [SUCCESS] [247/2466] Imported Heat-Resistant Ancient Armor Schematic 1 [Blueprint_AncientArmorHeat_2]
[2026-07-22 18:28:15] [SUCCESS] [248/2466] Imported Heat-Resistant Ancient Armor Schematic 2 [Blueprint_AncientArmorHeat_3]
[2026-07-22 18:28:15] [SUCCESS] [249/2466] Imported Heat-Resistant Ancient Armor Schematic 3 [Blueprint_AncientArmorHeat_4]
[2026-07-22 18:28:15] [ERROR] [250/2466] Failed Blueprint_AncientArmorHeat_5: Argument types do not match
[2026-07-22 18:28:16] [SUCCESS] [251/2466] Imported Lightweight Ancient Armor Schematic 1 [Blueprint_AncientArmorWeight_2]
[2026-07-22 18:28:16] [SUCCESS] [252/2466] Imported Lightweight Ancient Armor Schematic 2 [Blueprint_AncientArmorWeight_3]
[2026-07-22 18:28:16] [SUCCESS] [253/2466] Imported Lightweight Ancient Armor Schematic 3 [Blueprint_AncientArmorWeight_4]
[2026-07-22 18:28:16] [SUCCESS] [254/2466] Imported Lightweight Ancient Armor Schematic 4 [Blueprint_AncientArmorWeight_5]
[2026-07-22 18:28:16] [SUCCESS] [255/2466] Imported Ancient Helm Schematic 1 [Blueprint_AncientHelmet_2]
[2026-07-22 18:28:17] [SUCCESS] [256/2466] Imported Ancient Helm Schematic 2 [Blueprint_AncientHelmet_3]
[2026-07-22 18:28:17] [SUCCESS] [257/2466] Imported Ancient Helm Schematic 3 [Blueprint_AncientHelmet_4]
[2026-07-22 18:28:17] [SUCCESS] [258/2466] Imported Ancient Helm Schematic 4 [Blueprint_AncientHelmet_5]
[2026-07-22 18:28:17] [SUCCESS] [259/2466] Imported Assault Rifle Schematic 1 [Blueprint_AssaultRifle_Default2]
[2026-07-22 18:28:18] [SUCCESS] [260/2466] Imported Assault Rifle Schematic 2 [Blueprint_AssaultRifle_Default3]
[2026-07-22 18:28:18] [SUCCESS] [261/2466] Imported Assault Rifle Schematic 3 [Blueprint_AssaultRifle_Default4]
[2026-07-22 18:28:18] [SUCCESS] [262/2466] Imported Assault Rifle Schematic 4 [Blueprint_AssaultRifle_Default5]
[2026-07-22 18:28:18] [SUCCESS] [263/2466] Imported Metal Bat Schematic 1 [Blueprint_Bat3_2]
[2026-07-22 18:28:18] [SUCCESS] [264/2466] Imported Metal Bat Schematic 2 [Blueprint_Bat3_3]
[2026-07-22 18:28:19] [SUCCESS] [265/2466] Imported Metal Bat Schematic 3 [Blueprint_Bat3_4]
[2026-07-22 18:28:19] [SUCCESS] [266/2466] Imported Metal Bat Schematic 4 [Blueprint_Bat3_5]
[2026-07-22 18:28:19] [SUCCESS] [267/2466] Imported Beam Launcher Schematic 1 [Blueprint_BeamLauncher_2]
[2026-07-22 18:28:19] [SUCCESS] [268/2466] Imported Beam Launcher Schematic 2 [Blueprint_BeamLauncher_3]
[2026-07-22 18:28:20] [SUCCESS] [269/2466] Imported Beam Launcher Schematic 3 [Blueprint_BeamLauncher_4]
[2026-07-22 18:28:20] [SUCCESS] [270/2466] Imported Beam Launcher Schematic 4 [Blueprint_BeamLauncher_5]
[2026-07-22 18:28:20] [SUCCESS] [271/2466] Imported Beam Sword Schematic 1 [Blueprint_BeamSword_2]
[2026-07-22 18:28:20] [SUCCESS] [272/2466] Imported Beam Sword Schematic 2 [Blueprint_BeamSword_3]
[2026-07-22 18:28:20] [SUCCESS] [273/2466] Imported Beam Sword Schematic 3 [Blueprint_BeamSword_4]
[2026-07-22 18:28:21] [SUCCESS] [274/2466] Imported Beam Sword Schematic 4 [Blueprint_BeamSword_5]
[2026-07-22 18:28:21] [ERROR] [275/2466] Failed Blueprint_BowGun_2: Argument types do not match
[2026-07-22 18:28:21] [SUCCESS] [276/2466] Imported Crossbow Schematic 2 [Blueprint_BowGun_3]
[2026-07-22 18:28:21] [SUCCESS] [277/2466] Imported Crossbow Schematic 3 [Blueprint_BowGun_4]
[2026-07-22 18:28:22] [SUCCESS] [278/2466] Imported Crossbow Schematic 4 [Blueprint_BowGun_5]
[2026-07-22 18:28:22] [SUCCESS] [279/2466] Imported Fire Arrow Crossbow Schematic 1 [Blueprint_BowGun_Fire_2]
[2026-07-22 18:28:22] [SUCCESS] [280/2466] Imported Fire Arrow Crossbow Schematic 2 [Blueprint_BowGun_Fire_3]
[2026-07-22 18:28:22] [SUCCESS] [281/2466] Imported Fire Arrow Crossbow Schematic 3 [Blueprint_BowGun_Fire_4]
[2026-07-22 18:28:22] [SUCCESS] [282/2466] Imported Fire Arrow Crossbow Schematic 4 [Blueprint_BowGun_Fire_5]
[2026-07-22 18:28:23] [SUCCESS] [283/2466] Imported Poison Arrow Crossbow Schematic 1 [Blueprint_BowGun_Poison_2]
[2026-07-22 18:28:23] [SUCCESS] [284/2466] Imported Poison Arrow Crossbow Schematic 2 [Blueprint_BowGun_Poison_3]
[2026-07-22 18:28:23] [SUCCESS] [285/2466] Imported Poison Arrow Crossbow Schematic 3 [Blueprint_BowGun_Poison_4]
[2026-07-22 18:28:23] [SUCCESS] [286/2466] Imported Poison Arrow Crossbow Schematic 4 [Blueprint_BowGun_Poison_5]
[2026-07-22 18:28:23] [SUCCESS] [287/2466] Imported Majestic Candlestick Schematic [Blueprint_CandleStand]
[2026-07-22 18:28:24] [SUCCESS] [288/2466] Imported Charge Rifle Schematic 1 [Blueprint_ChargeLaserRifle_2]
[2026-07-22 18:28:24] [SUCCESS] [289/2466] Imported Charge Rifle Schematic 2 [Blueprint_ChargeLaserRifle_3]
[2026-07-22 18:28:24] [SUCCESS] [290/2466] Imported Charge Rifle Schematic 3 [Blueprint_ChargeLaserRifle_4]
[2026-07-22 18:28:24] [SUCCESS] [291/2466] Imported Charge Rifle Schematic 4 [Blueprint_ChargeLaserRifle_5]
[2026-07-22 18:28:25] [SUCCESS] [292/2466] Imported Cloth Outfit Schematic 1 [Blueprint_ClothArmor_2]
[2026-07-22 18:28:25] [SUCCESS] [293/2466] Imported Cloth Outfit Schematic 2 [Blueprint_ClothArmor_3]
[2026-07-22 18:28:25] [SUCCESS] [294/2466] Imported Cloth Outfit Schematic 3 [Blueprint_ClothArmor_4]
[2026-07-22 18:28:25] [SUCCESS] [295/2466] Imported Cloth Outfit Schematic 4 [Blueprint_ClothArmor_5]
[2026-07-22 18:28:25] [SUCCESS] [296/2466] Imported Tundra Outfit Schematic 1 [Blueprint_ClothArmorCold_2]
[2026-07-22 18:28:26] [SUCCESS] [297/2466] Imported Tundra Outfit Schematic 2 [Blueprint_ClothArmorCold_3]
[2026-07-22 18:28:26] [SUCCESS] [298/2466] Imported Tundra Outfit Schematic 3 [Blueprint_ClothArmorCold_4]
[2026-07-22 18:28:26] [SUCCESS] [299/2466] Imported Tundra Outfit Schematic 4 [Blueprint_ClothArmorCold_5]
[2026-07-22 18:28:26] [ERROR] [300/2466] Failed Blueprint_ClothArmorHeat_2: Argument types do not match
[2026-07-22 18:28:27] [SUCCESS] [301/2466] Imported Tropical Outfit Schematic 2 [Blueprint_ClothArmorHeat_3]
[2026-07-22 18:28:27] [SUCCESS] [302/2466] Imported Tropical Outfit Schematic 3 [Blueprint_ClothArmorHeat_4]
[2026-07-22 18:28:27] [SUCCESS] [303/2466] Imported Tropical Outfit Schematic 4 [Blueprint_ClothArmorHeat_5]
[2026-07-22 18:28:27] [SUCCESS] [304/2466] Imported Compound Bow Schematic 1 [Blueprint_CompoundBow_2]
[2026-07-22 18:28:27] [SUCCESS] [305/2466] Imported Compound Bow Schematic 2 [Blueprint_CompoundBow_3]
[2026-07-22 18:28:28] [SUCCESS] [306/2466] Imported Compound Bow Schematic 3 [Blueprint_CompoundBow_4]
[2026-07-22 18:28:28] [SUCCESS] [307/2466] Imported Compound Bow Schematic 4 [Blueprint_CompoundBow_5]
[2026-07-22 18:28:28] [SUCCESS] [308/2466] Imported Free Pal Alliance Flag Schematic [Blueprint_ConservationGroupBannerA]
[2026-07-22 18:28:28] [SUCCESS] [309/2466] Imported Free Pal Alliance Banner Schematic [Blueprint_ConservationGroupBannerB]
[2026-07-22 18:28:29] [SUCCESS] [310/2466] Imported Metal Armor Schematic 1 [Blueprint_CopperArmor_2]
[2026-07-22 18:28:29] [SUCCESS] [311/2466] Imported Metal Armor Schematic 2 [Blueprint_CopperArmor_3]
[2026-07-22 18:28:29] [SUCCESS] [312/2466] Imported Metal Armor Schematic 3 [Blueprint_CopperArmor_4]
[2026-07-22 18:28:29] [SUCCESS] [313/2466] Imported Metal Armor Schematic 4 [Blueprint_CopperArmor_5]
[2026-07-22 18:28:29] [SUCCESS] [314/2466] Imported Cold Resistant Metal Armor Schematic 1 [Blueprint_CopperArmorCold_2]
[2026-07-22 18:28:30] [SUCCESS] [315/2466] Imported Cold Resistant Metal Armor Schematic 2 [Blueprint_CopperArmorCold_3]
[2026-07-22 18:28:30] [SUCCESS] [316/2466] Imported Cold Resistant Metal Armor Schematic 3 [Blueprint_CopperArmorCold_4]
[2026-07-22 18:28:30] [SUCCESS] [317/2466] Imported Cold Resistant Metal Armor Schematic 4 [Blueprint_CopperArmorCold_5]
[2026-07-22 18:28:30] [SUCCESS] [318/2466] Imported Heat Resistant Metal Armor Schematic 1 [Blueprint_CopperArmorHeat_2]
[2026-07-22 18:28:31] [SUCCESS] [319/2466] Imported Heat Resistant Metal Armor Schematic 2 [Blueprint_CopperArmorHeat_3]
[2026-07-22 18:28:31] [SUCCESS] [320/2466] Imported Heat Resistant Metal Armor Schematic 3 [Blueprint_CopperArmorHeat_4]
[2026-07-22 18:28:31] [SUCCESS] [321/2466] Imported Heat Resistant Metal Armor Schematic 4 [Blueprint_CopperArmorHeat_5]
[2026-07-22 18:28:31] [SUCCESS] [322/2466] Imported Metal Helm Schematic 1 [Blueprint_CopperHelmet_2]
[2026-07-22 18:28:31] [SUCCESS] [323/2466] Imported Metal Helm Schematic 2 [Blueprint_CopperHelmet_3]
[2026-07-22 18:28:32] [SUCCESS] [324/2466] Imported Metal Helm Schematic 3 [Blueprint_CopperHelmet_4]
[2026-07-22 18:28:32] [ERROR] [325/2466] Failed Blueprint_CopperHelmet_5: Argument types do not match
[2026-07-22 18:28:32] [SUCCESS] [326/2466] Imported Double-Barreled Shotgun Schematic 1 [Blueprint_DoubleBarrelShotgun_2]
[2026-07-22 18:28:32] [SUCCESS] [327/2466] Imported Double-Barreled Shotgun Schematic 2 [Blueprint_DoubleBarrelShotgun_3]
[2026-07-22 18:28:32] [SUCCESS] [328/2466] Imported Double-Barreled Shotgun Schematic 3 [Blueprint_DoubleBarrelShotgun_4]
[2026-07-22 18:28:33] [SUCCESS] [329/2466] Imported Double-Barreled Shotgun Schematic 4 [Blueprint_DoubleBarrelShotgun_5]
[2026-07-22 18:28:33] [SUCCESS] [330/2466] Imported Drone Launcher Schematic 1 [Blueprint_DroneLauncher_2]
[2026-07-22 18:28:33] [SUCCESS] [331/2466] Imported Drone Launcher Schematic 2 [Blueprint_DroneLauncher_3]
[2026-07-22 18:28:33] [SUCCESS] [332/2466] Imported Drone Launcher Schematic 3 [Blueprint_DroneLauncher_4]
[2026-07-22 18:28:34] [SUCCESS] [333/2466] Imported Drone Launcher Schematic 4 [Blueprint_DroneLauncher_5]
[2026-07-22 18:28:34] [SUCCESS] [334/2466] Imported Plasma Rifle Schematic 1 [Blueprint_ElectricArcAssaultRifle_2]
[2026-07-22 18:28:34] [SUCCESS] [335/2466] Imported Plasma Rifle Schematic 2 [Blueprint_ElectricArcAssaultRifle_3]
[2026-07-22 18:28:34] [SUCCESS] [336/2466] Imported Plasma Rifle Schematic 3 [Blueprint_ElectricArcAssaultRifle_4]
[2026-07-22 18:28:34] [SUCCESS] [337/2466] Imported Plasma Rifle Schematic 4 [Blueprint_ElectricArcAssaultRifle_5]
[2026-07-22 18:28:35] [SUCCESS] [338/2466] Imported Plasma Cannon Schematic 1 [Blueprint_EnergyRocketLauncher_2]
[2026-07-22 18:28:35] [SUCCESS] [339/2466] Imported Plasma Cannon Schematic 2 [Blueprint_EnergyRocketLauncher_3]
[2026-07-22 18:28:35] [SUCCESS] [340/2466] Imported Plasma Cannon Schematic 3 [Blueprint_EnergyRocketLauncher_4]
[2026-07-22 18:28:35] [SUCCESS] [341/2466] Imported Plasma Cannon Schematic 4 [Blueprint_EnergyRocketLauncher_5]
[2026-07-22 18:28:36] [SUCCESS] [342/2466] Imported Energy Shotgun Schematic 1 [Blueprint_EnergyShotgun_2]
[2026-07-22 18:28:36] [SUCCESS] [343/2466] Imported Energy Shotgun Schematic 2 [Blueprint_EnergyShotgun_3]
[2026-07-22 18:28:36] [SUCCESS] [344/2466] Imported Energy Shotgun Schematic 3 [Blueprint_EnergyShotgun_4]
[2026-07-22 18:28:36] [SUCCESS] [345/2466] Imported Energy Shotgun Schematic 4 [Blueprint_EnergyShotgun_5]
[2026-07-22 18:28:36] [SUCCESS] [346/2466] Imported Ceremonial Candlestick Schematic [Blueprint_FireStand]
[2026-07-22 18:28:37] [SUCCESS] [347/2466] Imported Beginner Fishing Rod (Gumoss) Schematic [Blueprint_FishingRod_01_2]
[2026-07-22 18:28:37] [SUCCESS] [348/2466] Imported Intermediate Fishing Rod (Croajiro) Schematic [Blueprint_FishingRod_02_2]
[2026-07-22 18:28:37] [SUCCESS] [349/2466] Imported Advanced Fishing Rod (Depresso) Schematic [Blueprint_FishingRod_03_2]
[2026-07-22 18:28:37] [ERROR] [350/2466] Failed Blueprint_FlameThrower_2: Argument types do not match
[2026-07-22 18:28:38] [SUCCESS] [351/2466] Imported Flamethrower Schematic 2 [Blueprint_FlameThrower_3]
[2026-07-22 18:28:38] [SUCCESS] [352/2466] Imported Flamethrower Schematic 3 [Blueprint_FlameThrower_4]
[2026-07-22 18:28:38] [SUCCESS] [353/2466] Imported Flamethrower Schematic 4 [Blueprint_FlameThrower_5]
[2026-07-22 18:28:38] [SUCCESS] [354/2466] Imported Pelt Armor Schematic 1 [Blueprint_FurArmor_2]
[2026-07-22 18:28:38] [SUCCESS] [355/2466] Imported Pelt Armor Schematic 2 [Blueprint_FurArmor_3]
[2026-07-22 18:28:39] [SUCCESS] [356/2466] Imported Pelt Armor Schematic 3 [Blueprint_FurArmor_4]
[2026-07-22 18:28:39] [SUCCESS] [357/2466] Imported Pelt Armor Schematic 4 [Blueprint_FurArmor_5]
[2026-07-22 18:28:39] [SUCCESS] [358/2466] Imported Cold Resistant Pelt Armor Schematic 1 [Blueprint_FurArmorCold_2]
[2026-07-22 18:28:39] [SUCCESS] [359/2466] Imported Cold Resistant Pelt Armor Schematic 2 [Blueprint_FurArmorCold_3]
[2026-07-22 18:28:40] [SUCCESS] [360/2466] Imported Cold Resistant Pelt Armor Schematic 3 [Blueprint_FurArmorCold_4]
[2026-07-22 18:28:40] [SUCCESS] [361/2466] Imported Cold Resistant Pelt Armor Schematic 4 [Blueprint_FurArmorCold_5]
[2026-07-22 18:28:40] [SUCCESS] [362/2466] Imported Heat Resistant Pelt Armor Schematic 1 [Blueprint_FurArmorHeat_2]
[2026-07-22 18:28:40] [SUCCESS] [363/2466] Imported Heat Resistant Pelt Armor Schematic 2 [Blueprint_FurArmorHeat_3]
[2026-07-22 18:28:41] [SUCCESS] [364/2466] Imported Heat Resistant Pelt Armor Schematic 3 [Blueprint_FurArmorHeat_4]
[2026-07-22 18:28:41] [SUCCESS] [365/2466] Imported Heat Resistant Pelt Armor Schematic 4 [Blueprint_FurArmorHeat_5]
[2026-07-22 18:28:41] [SUCCESS] [366/2466] Imported Feathered Hair Band Schematic 1 [Blueprint_FurHelmet_2]
[2026-07-22 18:28:41] [SUCCESS] [367/2466] Imported Feathered Hair Band Schematic 2 [Blueprint_FurHelmet_3]
[2026-07-22 18:28:41] [SUCCESS] [368/2466] Imported Feathered Hair Band Schematic 3 [Blueprint_FurHelmet_4]
[2026-07-22 18:28:42] [SUCCESS] [369/2466] Imported Feathered Hair Band Schematic 4 [Blueprint_FurHelmet_5]
[2026-07-22 18:28:42] [SUCCESS] [370/2466] Imported Gatling Gun Schematic 1 [Blueprint_GatlingGun_2]
[2026-07-22 18:28:42] [SUCCESS] [371/2466] Imported Gatling Gun Schematic 2 [Blueprint_GatlingGun_3]
[2026-07-22 18:28:42] [SUCCESS] [372/2466] Imported Gatling Gun Schematic 3 [Blueprint_GatlingGun_4]
[2026-07-22 18:28:43] [SUCCESS] [373/2466] Imported Gatling Gun Schematic 4 [Blueprint_GatlingGun_5]
[2026-07-22 18:28:43] [SUCCESS] [374/2466] Imported Grenade Launcher Schematic 1 [Blueprint_GrenadeLauncher_2]
[2026-07-22 18:28:43] [ERROR] [375/2466] Failed Blueprint_GrenadeLauncher_3: Argument types do not match
[2026-07-22 18:28:43] [SUCCESS] [376/2466] Imported Grenade Launcher Schematic 3 [Blueprint_GrenadeLauncher_4]
[2026-07-22 18:28:44] [SUCCESS] [377/2466] Imported Grenade Launcher Schematic 4 [Blueprint_GrenadeLauncher_5]
[2026-07-22 18:28:44] [SUCCESS] [378/2466] Imported Yakumo Statue Schematic [Blueprint_GuardianDogStatue]
[2026-07-22 18:28:44] [SUCCESS] [379/2466] Imported Guided Missile Launcher Schematic 1 [Blueprint_GuidedMissileLauncher_2]
[2026-07-22 18:28:44] [SUCCESS] [380/2466] Imported Guided Missile Launcher Schematic 2 [Blueprint_GuidedMissileLauncher_3]
[2026-07-22 18:28:44] [SUCCESS] [381/2466] Imported Guided Missile Launcher Schematic 3 [Blueprint_GuidedMissileLauncher_4]
[2026-07-22 18:28:45] [SUCCESS] [382/2466] Imported Guided Missile Launcher Schematic 4 [Blueprint_GuidedMissileLauncher_5]
[2026-07-22 18:28:45] [SUCCESS] [383/2466] Imported Handgun Schematic 1 [Blueprint_HandGun_Default_2]
[2026-07-22 18:28:45] [SUCCESS] [384/2466] Imported Handgun Schematic 2 [Blueprint_HandGun_Default_3]
[2026-07-22 18:28:45] [SUCCESS] [385/2466] Imported Handgun Schematic 3 [Blueprint_HandGun_Default_4]
[2026-07-22 18:28:46] [SUCCESS] [386/2466] Imported Handgun Schematic 4 [Blueprint_HandGun_Default_5]
[2026-07-22 18:28:46] [SUCCESS] [387/2466] Imported Monarch's Crown Schematic 1 [Blueprint_Head001_1]
[2026-07-22 18:28:46] [SUCCESS] [388/2466] Imported Monarch's Crown Schematic 2 [Blueprint_Head001_2]
[2026-07-22 18:28:46] [SUCCESS] [389/2466] Imported Monarch's Crown Schematic 3 [Blueprint_Head001_3]
[2026-07-22 18:28:46] [SUCCESS] [390/2466] Imported Monarch's Crown Schematic 4 [Blueprint_Head001_4]
[2026-07-22 18:28:47] [SUCCESS] [391/2466] Imported Blueprint of the King's Crown 5 [Blueprint_Head001_5]
[2026-07-22 18:28:47] [SUCCESS] [392/2466] Imported Golden Crown Schematic 1 [Blueprint_Head002_1]
[2026-07-22 18:28:47] [SUCCESS] [393/2466] Imported Golden Crown Schematic 2 [Blueprint_Head002_2]
[2026-07-22 18:28:47] [SUCCESS] [394/2466] Imported Golden Crown Schematic 3 [Blueprint_Head002_3]
[2026-07-22 18:28:48] [SUCCESS] [395/2466] Imported Golden Crown Schematic 4 [Blueprint_Head002_4]
[2026-07-22 18:28:48] [SUCCESS] [396/2466] Imported Blueprint for Golden Crown 5 [Blueprint_Head002_5]
[2026-07-22 18:28:48] [SUCCESS] [397/2466] Imported Long-Eared Headband Schematic 1 [Blueprint_Head003_1]
[2026-07-22 18:28:48] [SUCCESS] [398/2466] Imported Long-Eared Headband Schematic 2 [Blueprint_Head003_2]
[2026-07-22 18:28:48] [SUCCESS] [399/2466] Imported Long-Eared Headband Schematic 3 [Blueprint_Head003_3]
[2026-07-22 18:28:49] [ERROR] [400/2466] Failed Blueprint_Head003_4: Argument types do not match
[2026-07-22 18:28:49] [SUCCESS] [401/2466] Imported 5 Blueprints of Long-eared Headband [Blueprint_Head003_5]
[2026-07-22 18:28:49] [SUCCESS] [402/2466] Imported Witch Hat Schematic 1 [Blueprint_Head004_1]
[2026-07-22 18:28:49] [SUCCESS] [403/2466] Imported Witch Hat Schematic 2 [Blueprint_Head004_2]
[2026-07-22 18:28:50] [SUCCESS] [404/2466] Imported Witch Hat Schematic 3 [Blueprint_Head004_3]
[2026-07-22 18:28:50] [SUCCESS] [405/2466] Imported Witch Hat Schematic 4 [Blueprint_Head004_4]
[2026-07-22 18:28:50] [SUCCESS] [406/2466] Imported Design of Witch Hat No. 5 [Blueprint_Head004_5]
[2026-07-22 18:28:50] [SUCCESS] [407/2466] Imported Soft Hat Schematic 1 [Blueprint_Head005_1]
[2026-07-22 18:28:50] [SUCCESS] [408/2466] Imported Soft Hat Schematic 2 [Blueprint_Head005_2]
[2026-07-22 18:28:51] [SUCCESS] [409/2466] Imported Soft Hat Schematic 3 [Blueprint_Head005_3]
[2026-07-22 18:28:51] [SUCCESS] [410/2466] Imported Soft Hat Schematic 4 [Blueprint_Head005_4]
[2026-07-22 18:28:51] [SUCCESS] [411/2466] Imported Blueprint of Soft Hat 5 [Blueprint_Head005_5]
[2026-07-22 18:28:51] [SUCCESS] [412/2466] Imported Helmet Schematic 1 [Blueprint_Head006_1]
[2026-07-22 18:28:52] [SUCCESS] [413/2466] Imported Helmet Schematic 2 [Blueprint_Head006_2]
[2026-07-22 18:28:52] [SUCCESS] [414/2466] Imported Helmet Schematic 3 [Blueprint_Head006_3]
[2026-07-22 18:28:52] [SUCCESS] [415/2466] Imported Helmet Schematic 4 [Blueprint_Head006_4]
[2026-07-22 18:28:52] [SUCCESS] [416/2466] Imported Blueprint of Helmet 5 [Blueprint_Head006_5]
[2026-07-22 18:28:52] [SUCCESS] [417/2466] Imported Silk Hat Schematic 1 [Blueprint_Head007_1]
[2026-07-22 18:28:53] [SUCCESS] [418/2466] Imported Silk Hat Schematic 2 [Blueprint_Head007_2]
[2026-07-22 18:28:53] [SUCCESS] [419/2466] Imported Silk Hat Schematic 3 [Blueprint_Head007_3]
[2026-07-22 18:28:53] [SUCCESS] [420/2466] Imported Silk Hat Schematic 4 [Blueprint_Head007_4]
[2026-07-22 18:28:53] [SUCCESS] [421/2466] Imported 5 Schematic Diagrams of the Silk Hat [Blueprint_Head007_5]
[2026-07-22 18:28:54] [SUCCESS] [422/2466] Imported Tricorne Schematic 1 [Blueprint_Head008_1]
[2026-07-22 18:28:54] [SUCCESS] [423/2466] Imported Tricorne Schematic 2 [Blueprint_Head008_2]
[2026-07-22 18:28:54] [SUCCESS] [424/2466] Imported Tricorne Schematic 3 [Blueprint_Head008_3]
[2026-07-22 18:28:54] [ERROR] [425/2466] Failed Blueprint_Head008_4: Argument types do not match
[2026-07-22 18:28:54] [SUCCESS] [426/2466] Imported Blueprint of the Tricorn Hat 5 [Blueprint_Head008_5]
[2026-07-22 18:28:55] [SUCCESS] [427/2466] Imported Exploration Cap Schematic 1 [Blueprint_Head009_1]
[2026-07-22 18:28:55] [SUCCESS] [428/2466] Imported Exploration Cap Schematic 2 [Blueprint_Head009_2]
[2026-07-22 18:28:55] [SUCCESS] [429/2466] Imported Exploration Cap Schematic 3 [Blueprint_Head009_3]
[2026-07-22 18:28:55] [SUCCESS] [430/2466] Imported Exploration Cap Schematic 4 [Blueprint_Head009_4]
[2026-07-22 18:28:56] [SUCCESS] [431/2466] Imported Blueprint of Exploration Hat 5 [Blueprint_Head009_5]
[2026-07-22 18:28:56] [SUCCESS] [432/2466] Imported Graduation Cap Schematic 1 [Blueprint_Head010_1]
[2026-07-22 18:28:56] [SUCCESS] [433/2466] Imported Graduation Cap Schematic 2 [Blueprint_Head010_2]
[2026-07-22 18:28:56] [SUCCESS] [434/2466] Imported Graduation Cap Schematic 3 [Blueprint_Head010_3]
[2026-07-22 18:28:56] [SUCCESS] [435/2466] Imported Graduation Cap Schematic 4 [Blueprint_Head010_4]
[2026-07-22 18:28:57] [SUCCESS] [436/2466] Imported Blueprint 5 of University Hat [Blueprint_Head010_5]
[2026-07-22 18:28:57] [SUCCESS] [437/2466] Imported Farming Hat Schematic 1 [Blueprint_Head011_1]
[2026-07-22 18:28:57] [SUCCESS] [438/2466] Imported Farming Hat Schematic 2 [Blueprint_Head011_2]
[2026-07-22 18:28:57] [SUCCESS] [439/2466] Imported Farming Hat Schematic 3 [Blueprint_Head011_3]
[2026-07-22 18:28:57] [SUCCESS] [440/2466] Imported Farming Hat Schematic 4 [Blueprint_Head011_4]
[2026-07-22 18:28:58] [SUCCESS] [441/2466] Imported 5 Diagrams of Agricultural Hat [Blueprint_Head011_5]
[2026-07-22 18:28:58] [SUCCESS] [442/2466] Imported Bowler Hat Schematic 1 [Blueprint_Head012_1]
[2026-07-22 18:28:58] [SUCCESS] [443/2466] Imported Bowler Hat Schematic 2 [Blueprint_Head012_2]
[2026-07-22 18:28:58] [SUCCESS] [444/2466] Imported Bowler Hat Schematic 3 [Blueprint_Head012_3]
[2026-07-22 18:28:59] [SUCCESS] [445/2466] Imported Bowler Hat Schematic 4 [Blueprint_Head012_4]
[2026-07-22 18:28:59] [SUCCESS] [446/2466] Imported Blueprint of Bowler Hat 5 [Blueprint_Head012_5]
[2026-07-22 18:28:59] [SUCCESS] [447/2466] Imported Tocotoco Cap Schematic 1 [Blueprint_Head013_1]
[2026-07-22 18:28:59] [SUCCESS] [448/2466] Imported Tocotoco Cap Schematic 2 [Blueprint_Head013_2]
[2026-07-22 18:28:59] [SUCCESS] [449/2466] Imported Tocotoco Cap Schematic 3 [Blueprint_Head013_3]
[2026-07-22 18:29:00] [ERROR] [450/2466] Failed Blueprint_Head013_4: Argument types do not match
[2026-07-22 18:29:00] [SUCCESS] [451/2466] Imported Design Plan 5 for the Crutchli Hat [Blueprint_Head013_5]
[2026-07-22 18:29:00] [SUCCESS] [452/2466] Imported Grinning Tocotoco Cap Schematic 1 [Blueprint_Head014_1]
[2026-07-22 18:29:00] [SUCCESS] [453/2466] Imported Grinning Tocotoco Cap Schematic 2 [Blueprint_Head014_2]
[2026-07-22 18:29:01] [SUCCESS] [454/2466] Imported Grinning Tocotoco Cap Schematic 3 [Blueprint_Head014_3]
[2026-07-22 18:29:01] [SUCCESS] [455/2466] Imported Grinning Tocotoco Cap Schematic 4 [Blueprint_Head014_4]
[2026-07-22 18:29:01] [SUCCESS] [456/2466] Imported Grinning Curly Hat Blueprint 5 [Blueprint_Head014_5]
[2026-07-22 18:29:01] [SUCCESS] [457/2466] Imported Gumoss Cap Schematic 1 [Blueprint_Head015_1]
[2026-07-22 18:29:01] [SUCCESS] [458/2466] Imported Gumoss Cap Schematic 2 [Blueprint_Head015_2]
[2026-07-22 18:29:02] [SUCCESS] [459/2466] Imported Gumoss Cap Schematic 3 [Blueprint_Head015_3]
[2026-07-22 18:29:02] [SUCCESS] [460/2466] Imported Gumoss Cap Schematic 4 [Blueprint_Head015_4]
[2026-07-22 18:29:02] [SUCCESS] [461/2466] Imported 5 Blueprints of Naemochi Hat [Blueprint_Head015_5]
[2026-07-22 18:29:02] [SUCCESS] [462/2466] Imported Penking Cap Schematic 1 [Blueprint_Head016_1]
[2026-07-22 18:29:03] [SUCCESS] [463/2466] Imported Penking Cap Schematic 2 [Blueprint_Head016_2]
[2026-07-22 18:29:03] [SUCCESS] [464/2466] Imported Penking Cap Schematic 3 [Blueprint_Head016_3]
[2026-07-22 18:29:03] [SUCCESS] [465/2466] Imported Penking Cap Schematic 4 [Blueprint_Head016_4]
[2026-07-22 18:29:03] [SUCCESS] [466/2466] Imported Blueprint of Capppen Hat 5 [Blueprint_Head016_5]
[2026-07-22 18:29:03] [SUCCESS] [467/2466] Imported Katress Cap Schematic 1 [Blueprint_Head017_1]
[2026-07-22 18:29:04] [SUCCESS] [468/2466] Imported Katress Cap Schematic 2 [Blueprint_Head017_2]
[2026-07-22 18:29:04] [SUCCESS] [469/2466] Imported Katress Cap Schematic 3 [Blueprint_Head017_3]
[2026-07-22 18:29:04] [SUCCESS] [470/2466] Imported Katress Cap Schematic 4 [Blueprint_Head017_4]
[2026-07-22 18:29:04] [SUCCESS] [471/2466] Imported Design Blueprint of Clemence Hat 5 [Blueprint_Head017_5]
[2026-07-22 18:29:05] [SUCCESS] [472/2466] Imported Leezpunk Hood Schematic 1 [Blueprint_HeadEquip025_1]
[2026-07-22 18:29:05] [SUCCESS] [473/2466] Imported Leezpunk Hood Schematic 2 [Blueprint_HeadEquip025_2]
[2026-07-22 18:29:05] [SUCCESS] [474/2466] Imported Leezpunk Hood Schematic 3 [Blueprint_HeadEquip025_3]
[2026-07-22 18:29:05] [ERROR] [475/2466] Failed Blueprint_HeadEquip025_4: Argument types do not match
[2026-07-22 18:29:05] [SUCCESS] [476/2466] Imported Unknown Item (Blueprint_HeadEquip025_5) [Blueprint_HeadEquip025_5]
[2026-07-22 18:29:06] [SUCCESS] [477/2466] Imported Killamari Cap Schematic 1 [Blueprint_HeadEquip026_1]
[2026-07-22 18:29:06] [SUCCESS] [478/2466] Imported Killamari Cap Schematic 2 [Blueprint_HeadEquip026_2]
[2026-07-22 18:29:06] [SUCCESS] [479/2466] Imported Killamari Cap Schematic 3 [Blueprint_HeadEquip026_3]
[2026-07-22 18:29:06] [SUCCESS] [480/2466] Imported Killamari Cap Schematic 4 [Blueprint_HeadEquip026_4]
[2026-07-22 18:29:06] [SUCCESS] [481/2466] Imported Unknown Item (Blueprint_HeadEquip026_5) [Blueprint_HeadEquip026_5]
[2026-07-22 18:29:07] [SUCCESS] [482/2466] Imported Ribbuny Headband Schematic 1 [Blueprint_HeadEquip028_1]
[2026-07-22 18:29:07] [SUCCESS] [483/2466] Imported Ribbuny Headband Schematic 2 [Blueprint_HeadEquip028_2]
[2026-07-22 18:29:07] [SUCCESS] [484/2466] Imported Ribbuny Headband Schematic 3 [Blueprint_HeadEquip028_3]
[2026-07-22 18:29:07] [SUCCESS] [485/2466] Imported Ribbuny Headband Schematic 4 [Blueprint_HeadEquip028_4]
[2026-07-22 18:29:08] [SUCCESS] [486/2466] Imported Unknown Item (Blueprint_HeadEquip028_5) [Blueprint_HeadEquip028_5]
[2026-07-22 18:29:08] [SUCCESS] [487/2466] Imported Swee Cap Schematic 1 [Blueprint_HeadEquip031_1]
[2026-07-22 18:29:08] [SUCCESS] [488/2466] Imported Swee Cap Schematic 2 [Blueprint_HeadEquip031_2]
[2026-07-22 18:29:08] [SUCCESS] [489/2466] Imported Swee Cap Schematic 3 [Blueprint_HeadEquip031_3]
[2026-07-22 18:29:08] [SUCCESS] [490/2466] Imported Swee Cap Schematic 4 [Blueprint_HeadEquip031_4]
[2026-07-22 18:29:09] [SUCCESS] [491/2466] Imported Unknown Item (Blueprint_HeadEquip031_5) [Blueprint_HeadEquip031_5]
[2026-07-22 18:29:09] [SUCCESS] [492/2466] Imported Dazzi Hat Schematic 1 [Blueprint_HeadEquip032_1]
[2026-07-22 18:29:09] [SUCCESS] [493/2466] Imported Dazzi Hat Schematic 2 [Blueprint_HeadEquip032_2]
[2026-07-22 18:29:09] [SUCCESS] [494/2466] Imported Dazzi Hat Schematic 3 [Blueprint_HeadEquip032_3]
[2026-07-22 18:29:10] [SUCCESS] [495/2466] Imported Dazzi Hat Schematic 4 [Blueprint_HeadEquip032_4]
[2026-07-22 18:29:10] [SUCCESS] [496/2466] Imported Unknown Item (Blueprint_HeadEquip032_5) [Blueprint_HeadEquip032_5]
[2026-07-22 18:29:10] [SUCCESS] [497/2466] Imported Rayne Syndicate Flag Schematic [Blueprint_Hunter_GangFlag]
[2026-07-22 18:29:10] [SUCCESS] [498/2466] Imported Refined Metal Armor Schematic 1 [Blueprint_IronArmor_2]
[2026-07-22 18:29:10] [SUCCESS] [499/2466] Imported Refined Metal Armor Schematic 2 [Blueprint_IronArmor_3]
[2026-07-22 18:29:11] [ERROR] [500/2466] Failed Blueprint_IronArmor_4: Argument types do not match
[2026-07-22 18:29:11] [SUCCESS] [501/2466] Imported Refined Metal Armor Schematic 4 [Blueprint_IronArmor_5]
[2026-07-22 18:29:11] [SUCCESS] [502/2466] Imported Cold Resistant Refined Metal Armor Schematic 1 [Blueprint_IronArmorCold_2]
[2026-07-22 18:29:11] [SUCCESS] [503/2466] Imported Cold Resistant Refined Metal Armor Schematic 2 [Blueprint_IronArmorCold_3]
[2026-07-22 18:29:12] [SUCCESS] [504/2466] Imported Cold Resistant Refined Metal Armor Schematic 3 [Blueprint_IronArmorCold_4]
[2026-07-22 18:29:12] [SUCCESS] [505/2466] Imported Cold Resistant Refined Metal Armor Schematic 4 [Blueprint_IronArmorCold_5]
[2026-07-22 18:29:12] [SUCCESS] [506/2466] Imported Heat Resistant Refined Metal Armor Schematic 1 [Blueprint_IronArmorHeat_2]
[2026-07-22 18:29:12] [SUCCESS] [507/2466] Imported Heat Resistant Refined Metal Armor Schematic 2 [Blueprint_IronArmorHeat_3]
[2026-07-22 18:29:12] [SUCCESS] [508/2466] Imported Heat Resistant Refined Metal Armor Schematic 3 [Blueprint_IronArmorHeat_4]
[2026-07-22 18:29:13] [SUCCESS] [509/2466] Imported Heat Resistant Refined Metal Armor Schematic 4 [Blueprint_IronArmorHeat_5]
[2026-07-22 18:29:13] [SUCCESS] [510/2466] Imported Refined Metal Helm Schematic 1 [Blueprint_IronHelmet_2]
[2026-07-22 18:29:13] [SUCCESS] [511/2466] Imported Refined Metal Helm Schematic 2 [Blueprint_IronHelmet_3]
[2026-07-22 18:29:13] [SUCCESS] [512/2466] Imported Refined Metal Helm Schematic 3 [Blueprint_IronHelmet_4]
[2026-07-22 18:29:14] [SUCCESS] [513/2466] Imported Refined Metal Helm Schematic 4 [Blueprint_IronHelmet_5]
[2026-07-22 18:29:14] [SUCCESS] [514/2466] Imported Katana Schematic 1 [Blueprint_Katana_2]
[2026-07-22 18:29:14] [SUCCESS] [515/2466] Imported Katana Schematic 2 [Blueprint_Katana_3]
[2026-07-22 18:29:14] [SUCCESS] [516/2466] Imported Katana Schematic 3 [Blueprint_Katana_4]
[2026-07-22 18:29:14] [SUCCESS] [517/2466] Imported Katana Schematic 4 [Blueprint_Katana_5]
[2026-07-22 18:29:15] [SUCCESS] [518/2466] Imported Paper Lantern Schematic [Blueprint_LanternTop]
[2026-07-22 18:29:15] [SUCCESS] [519/2466] Imported Laser Gatling Gun Schematic 1 [Blueprint_LaserGatlingGun_2]
[2026-07-22 18:29:15] [SUCCESS] [520/2466] Imported Laser Gatling Gun Schematic 2 [Blueprint_LaserGatlingGun_3]
[2026-07-22 18:29:15] [SUCCESS] [521/2466] Imported Laser Gatling Gun Schematic 3 [Blueprint_LaserGatlingGun_4]
[2026-07-22 18:29:16] [SUCCESS] [522/2466] Imported Laser Gatling Gun Schematic 4 [Blueprint_LaserGatlingGun_5]
[2026-07-22 18:29:16] [SUCCESS] [523/2466] Imported Laser Rifle Schematic 1 [Blueprint_LaserRifle_2]
[2026-07-22 18:29:16] [SUCCESS] [524/2466] Imported Laser Rifle Schematic 2 [Blueprint_LaserRifle_3]
[2026-07-22 18:29:16] [ERROR] [525/2466] Failed Blueprint_LaserRifle_4: Argument types do not match
[2026-07-22 18:29:16] [SUCCESS] [526/2466] Imported Laser Rifle Schematic 4 [Blueprint_LaserRifle_5]
[2026-07-22 18:29:17] [SUCCESS] [527/2466] Imported Rocket Launcher Schematic 1 [Blueprint_Launcher_Default_2]
[2026-07-22 18:29:17] [SUCCESS] [528/2466] Imported Rocket Launcher Schematic 2 [Blueprint_Launcher_Default_3]
[2026-07-22 18:29:17] [SUCCESS] [529/2466] Imported Rocket Launcher Schematic 3 [Blueprint_Launcher_Default_4]
[2026-07-22 18:29:17] [SUCCESS] [530/2466] Imported Rocket Launcher Schematic 4 [Blueprint_Launcher_Default_5]
[2026-07-22 18:29:18] [SUCCESS] [531/2466] Imported Meteor Launcher Schematic 4 [Blueprint_Launcher_Meteor_5]
[2026-07-22 18:29:18] [SUCCESS] [532/2466] Imported Lyleen Statue Schematic [Blueprint_LilyQueenStatue]
[2026-07-22 18:29:18] [SUCCESS] [533/2466] Imported Makeshift Assault Rifle Schematic 1 [Blueprint_MakeshiftAssaultRifle_2]
[2026-07-22 18:29:18] [SUCCESS] [534/2466] Imported Makeshift Assault Rifle Schematic 2 [Blueprint_MakeshiftAssaultRifle_3]
[2026-07-22 18:29:18] [SUCCESS] [535/2466] Imported Makeshift Assault Rifle Schematic 3 [Blueprint_MakeshiftAssaultRifle_4]
[2026-07-22 18:29:19] [SUCCESS] [536/2466] Imported Makeshift Assault Rifle Schematic 4 [Blueprint_MakeshiftAssaultRifle_5]
[2026-07-22 18:29:19] [SUCCESS] [537/2466] Imported Makeshift Handgun Schematic 1 [Blueprint_MakeshiftHandgun_2]
[2026-07-22 18:29:19] [SUCCESS] [538/2466] Imported Makeshift Handgun Schematic 2 [Blueprint_MakeshiftHandgun_3]
[2026-07-22 18:29:19] [SUCCESS] [539/2466] Imported Makeshift Handgun Schematic 3 [Blueprint_MakeshiftHandgun_4]
[2026-07-22 18:29:20] [SUCCESS] [540/2466] Imported Makeshift Handgun Schematic 4 [Blueprint_MakeshiftHandgun_5]
[2026-07-22 18:29:20] [SUCCESS] [541/2466] Imported Makeshift Shotgun Schematic 1 [Blueprint_MakeshiftShotgun_2]
[2026-07-22 18:29:20] [SUCCESS] [542/2466] Imported Makeshift Shotgun Schematic 2 [Blueprint_MakeshiftShotgun_3]
[2026-07-22 18:29:20] [SUCCESS] [543/2466] Imported Makeshift Shotgun Schematic 3 [Blueprint_MakeshiftShotgun_4]
[2026-07-22 18:29:20] [SUCCESS] [544/2466] Imported Makeshift Shotgun Schematic 4 [Blueprint_MakeshiftShotgun_5]
[2026-07-22 18:29:21] [SUCCESS] [545/2466] Imported Makeshift SMG Schematic 1 [Blueprint_MakeshiftSubmachineGun_2]
[2026-07-22 18:29:21] [SUCCESS] [546/2466] Imported Makeshift SMG Schematic 2 [Blueprint_MakeshiftSubmachineGun_3]
[2026-07-22 18:29:21] [SUCCESS] [547/2466] Imported Makeshift SMG Schematic 3 [Blueprint_MakeshiftSubmachineGun_4]
[2026-07-22 18:29:21] [SUCCESS] [548/2466] Imported Makeshift SMG Schematic 4 [Blueprint_MakeshiftSubmachineGun_5]
[2026-07-22 18:29:21] [SUCCESS] [549/2466] Imported Multi Guided Missile Launcher Schematic [Blueprint_MultiGuidedMissileLauncher]
[2026-07-22 18:29:22] [ERROR] [550/2466] Failed Blueprint_MultiGuidedMissileLauncher_2: Argument types do not match
[2026-07-22 18:29:22] [SUCCESS] [551/2466] Imported Multi Guided Missile Launcher Schematic 2 [Blueprint_MultiGuidedMissileLauncher_3]
[2026-07-22 18:29:22] [SUCCESS] [552/2466] Imported Multi Guided Missile Launcher Schematic 3 [Blueprint_MultiGuidedMissileLauncher_4]
[2026-07-22 18:29:22] [SUCCESS] [553/2466] Imported Multi Guided Missile Launcher Schematic 4 [Blueprint_MultiGuidedMissileLauncher_5]
[2026-07-22 18:29:23] [SUCCESS] [554/2466] Imported Musket Schematic 1 [Blueprint_Musket_2]
[2026-07-22 18:29:23] [SUCCESS] [555/2466] Imported Musket Schematic 2 [Blueprint_Musket_3]
[2026-07-22 18:29:23] [SUCCESS] [556/2466] Imported Musket Schematic 3 [Blueprint_Musket_4]
[2026-07-22 18:29:23] [SUCCESS] [557/2466] Imported Musket Schematic 4 [Blueprint_Musket_5]
[2026-07-22 18:29:23] [SUCCESS] [558/2466] Imported V1 Armor Schematic 4 [Blueprint_Octavia001_Armor_5]
[2026-07-22 18:29:24] [SUCCESS] [559/2466] Imported V2 Armor Schematic 4 [Blueprint_Octavia002_Armor_5]
[2026-07-22 18:29:24] [SUCCESS] [560/2466] Imported Marksman Revolver Schematic 1 [Blueprint_OctaviaRevolver_2]
[2026-07-22 18:29:24] [SUCCESS] [561/2466] Imported Marksman Revolver Schematic 2 [Blueprint_OctaviaRevolver_3]
[2026-07-22 18:29:24] [SUCCESS] [562/2466] Imported Marksman Revolver Schematic 3 [Blueprint_OctaviaRevolver_4]
[2026-07-22 18:29:25] [SUCCESS] [563/2466] Imported Marksman Revolver Schematic 4 [Blueprint_OctaviaRevolver_5]
[2026-07-22 18:29:25] [SUCCESS] [564/2466] Imported Core Eject Shotgun Schematic 1 [Blueprint_OctaviaShotgun_2]
[2026-07-22 18:29:25] [SUCCESS] [565/2466] Imported Core Eject Shotgun Schematic 2 [Blueprint_OctaviaShotgun_3]
[2026-07-22 18:29:25] [SUCCESS] [566/2466] Imported Core Eject Shotgun Schematic 3 [Blueprint_OctaviaShotgun_4]
[2026-07-22 18:29:25] [SUCCESS] [567/2466] Imported Core Eject Shotgun Schematic 4 [Blueprint_OctaviaShotgun_5]
[2026-07-22 18:29:26] [SUCCESS] [568/2466] Imported Old Revolver Schematic 1 [Blueprint_OldRevolver_2]
[2026-07-22 18:29:26] [SUCCESS] [569/2466] Imported Old Revolver Schematic 2 [Blueprint_OldRevolver_3]
[2026-07-22 18:29:26] [SUCCESS] [570/2466] Imported Old Revolver Schematic 3 [Blueprint_OldRevolver_4]
[2026-07-22 18:29:26] [SUCCESS] [571/2466] Imported Old Revolver Schematic 4 [Blueprint_OldRevolver_5]
[2026-07-22 18:29:27] [SUCCESS] [572/2466] Imported Lord of the Underworld's Baton Schematic [Blueprint_Otomo_ATDark_ElementBoost_1]
[2026-07-22 18:29:27] [SUCCESS] [573/2466] Imported Divine Dragon's Baton Schematic [Blueprint_Otomo_ATDragon_ElementBoost_1]
[2026-07-22 18:29:27] [SUCCESS] [574/2466] Imported Earth Emperor's Baton Schematic [Blueprint_Otomo_ATEarth_ElementBoost_1]
[2026-07-22 18:29:27] [ERROR] [575/2466] Failed Blueprint_Otomo_ATElectricity_ElementBoost_1: Argument types do not match
[2026-07-22 18:29:27] [SUCCESS] [576/2466] Imported Flame Emperor's Baton Schematic [Blueprint_Otomo_ATFire_ElementBoost_1]
[2026-07-22 18:29:28] [SUCCESS] [577/2466] Imported Ice Emperor's Baton Schematic [Blueprint_Otomo_ATIce_ElementBoost_1]
[2026-07-22 18:29:28] [SUCCESS] [578/2466] Imported Spirit Emperor's Baton Schematic [Blueprint_Otomo_ATLeaf_ElementBoost_1]
[2026-07-22 18:29:28] [SUCCESS] [579/2466] Imported Celestial Emperor's Baton Schematic [Blueprint_Otomo_ATNormal_ElementBoost_1]
[2026-07-22 18:29:28] [SUCCESS] [580/2466] Imported Attack Support Whistle Schematic [Blueprint_Otomo_Attack_up1_2]
[2026-07-22 18:29:29] [SUCCESS] [581/2466] Imported Lord of the Sea's Baton Schematic [Blueprint_Otomo_ATWater_ElementBoost_1]
[2026-07-22 18:29:29] [SUCCESS] [582/2466] Imported Defense Support Whistle Schematic [Blueprint_Otomo_Defense_up1_2]
[2026-07-22 18:29:29] [SUCCESS] [583/2466] Imported Lyleen Noct's Talisman Schematic [Blueprint_Otomo_DFDark_ElementBoost_1]
[2026-07-22 18:29:29] [SUCCESS] [584/2466] Imported Jetragon's Talisman Schematic [Blueprint_Otomo_DFDragon_ElementBoost_1]
[2026-07-22 18:29:29] [SUCCESS] [585/2466] Imported Anubis's Talisman Schematic [Blueprint_Otomo_DFEarth_ElementBoost_1]
[2026-07-22 18:29:30] [SUCCESS] [586/2466] Imported Orserk's Talisman Schematic [Blueprint_Otomo_DFElectricity_ElementBoost_1]
[2026-07-22 18:29:30] [SUCCESS] [587/2466] Imported Blazamut's Talisman Schematic [Blueprint_Otomo_DFFire_ElementBoost_1]
[2026-07-22 18:29:30] [SUCCESS] [588/2466] Imported Frostallion's Talisman Schematic [Blueprint_Otomo_DFIce_ElementBoost_1]
[2026-07-22 18:29:30] [SUCCESS] [589/2466] Imported Lyleen's Talisman Schematic [Blueprint_Otomo_DFLeaf_ElementBoost_1]
[2026-07-22 18:29:30] [SUCCESS] [590/2466] Imported Hartalis's Talisman Schematic [Blueprint_Otomo_DFNormal_ElementBoost_1]
[2026-07-22 18:29:31] [SUCCESS] [591/2466] Imported Neptilius's Talisman Schematic [Blueprint_Otomo_DFWater_ElementBoost_1]
[2026-07-22 18:29:31] [SUCCESS] [592/2466] Imported Dark Support Whistle Schematic [Blueprint_Otomo_ElementBoost_Dark_1_2]
[2026-07-22 18:29:31] [SUCCESS] [593/2466] Imported Dragon Support Whistle Schematic [Blueprint_Otomo_ElementBoost_Dragon_1_2]
[2026-07-22 18:29:31] [SUCCESS] [594/2466] Imported Ground Support Whistle Schematic [Blueprint_Otomo_ElementBoost_Earth_1_2]
[2026-07-22 18:29:32] [SUCCESS] [595/2466] Imported Electric Support Whistle Schematic [Blueprint_Otomo_ElementBoost_Electricity_1_2]
[2026-07-22 18:29:32] [SUCCESS] [596/2466] Imported Fire Support Whistle Schematic [Blueprint_Otomo_ElementBoost_Fire_1_2]
[2026-07-22 18:29:32] [SUCCESS] [597/2466] Imported Ice Support Whistle Schematic [Blueprint_Otomo_ElementBoost_Ice_1_2]
[2026-07-22 18:29:32] [SUCCESS] [598/2466] Imported Grass Support Whistle Schematic [Blueprint_Otomo_ElementBoost_Leaf_1_2]
[2026-07-22 18:29:32] [SUCCESS] [599/2466] Imported Neutral Support Whistle Schematic [Blueprint_Otomo_ElementBoost_Normal_1_2]
[2026-07-22 18:29:33] [ERROR] [600/2466] Failed Blueprint_Otomo_ElementBoost_Water_1_2: Argument types do not match
[2026-07-22 18:29:33] [SUCCESS] [601/2466] Imported Unknown Item (Blueprint_Otomo_PalConfidence_Increase_1) [Blueprint_Otomo_PalConfidence_Increase_1]
[2026-07-22 18:29:33] [SUCCESS] [602/2466] Imported Ring of Trust Schematic [Blueprint_Otomo_PalConfidence_Increase_1_fix]
[2026-07-22 18:29:33] [SUCCESS] [603/2466] Imported Growth Acceleration Bell Schematic [Blueprint_Otomo_PalExp_Increase_1_2]
[2026-07-22 18:29:34] [SUCCESS] [604/2466] Imported Overheat Rifle Schematic 1 [Blueprint_OverheatRifle_2]
[2026-07-22 18:29:34] [SUCCESS] [605/2466] Imported Overheat Rifle Schematic 2 [Blueprint_OverheatRifle_3]
[2026-07-22 18:29:34] [SUCCESS] [606/2466] Imported Overheat Rifle Schematic 3 [Blueprint_OverheatRifle_4]
[2026-07-22 18:29:34] [SUCCESS] [607/2466] Imported Overheat Rifle Schematic 4 [Blueprint_OverheatRifle_5]
[2026-07-22 18:29:35] [SUCCESS] [608/2466] Imported Celestial Sigil Schematic [Blueprint_PalSummon_YakushimaBoss002]
[2026-07-22 18:29:35] [SUCCESS] [609/2466] Imported Plasteel Armor Schematic 1 [Blueprint_PlasticArmor_2]
[2026-07-22 18:29:35] [SUCCESS] [610/2466] Imported Plasteel Armor Schematic 2 [Blueprint_PlasticArmor_3]
[2026-07-22 18:29:35] [SUCCESS] [611/2466] Imported Plasteel Armor Schematic 3 [Blueprint_PlasticArmor_4]
[2026-07-22 18:29:35] [SUCCESS] [612/2466] Imported Plasteel Armor Schematic 4 [Blueprint_PlasticArmor_5]
[2026-07-22 18:29:36] [SUCCESS] [613/2466] Imported Cold Resistant Plasteel Armor Schematic 1 [Blueprint_PlasticArmorCold_2]
[2026-07-22 18:29:36] [SUCCESS] [614/2466] Imported Cold Resistant Plasteel Armor Schematic 2 [Blueprint_PlasticArmorCold_3]
[2026-07-22 18:29:36] [SUCCESS] [615/2466] Imported Cold Resistant Plasteel Armor Schematic 3 [Blueprint_PlasticArmorCold_4]
[2026-07-22 18:29:36] [SUCCESS] [616/2466] Imported Cold Resistant Plasteel Armor Schematic 4 [Blueprint_PlasticArmorCold_5]
[2026-07-22 18:29:37] [SUCCESS] [617/2466] Imported Heat Resistant Plasteel Armor Schematic 1 [Blueprint_PlasticArmorHeat_2]
[2026-07-22 18:29:37] [SUCCESS] [618/2466] Imported Heat Resistant Plasteel Armor Schematic 2 [Blueprint_PlasticArmorHeat_3]
[2026-07-22 18:29:37] [SUCCESS] [619/2466] Imported Heat Resistant Plasteel Armor Schematic 3 [Blueprint_PlasticArmorHeat_4]
[2026-07-22 18:29:37] [SUCCESS] [620/2466] Imported Heat Resistant Plasteel Armor Schematic 4 [Blueprint_PlasticArmorHeat_5]
[2026-07-22 18:29:37] [SUCCESS] [621/2466] Imported Lightweight Plasteel Armor Schematic 1 [Blueprint_PlasticArmorWeight_2]
[2026-07-22 18:29:38] [SUCCESS] [622/2466] Imported Lightweight Plasteel Armor Schematic 2 [Blueprint_PlasticArmorWeight_3]
[2026-07-22 18:29:38] [SUCCESS] [623/2466] Imported Lightweight Plasteel Armor Schematic 3 [Blueprint_PlasticArmorWeight_4]
[2026-07-22 18:29:38] [SUCCESS] [624/2466] Imported Lightweight Plasteel Armor Schematic 4 [Blueprint_PlasticArmorWeight_5]
[2026-07-22 18:29:38] [ERROR] [625/2466] Failed Blueprint_PlasticHelmet_2: Argument types do not match
[2026-07-22 18:29:39] [SUCCESS] [626/2466] Imported Plasteel Helmet Schematic 2 [Blueprint_PlasticHelmet_3]
[2026-07-22 18:29:39] [SUCCESS] [627/2466] Imported Plasteel Helmet Schematic 3 [Blueprint_PlasticHelmet_4]
[2026-07-22 18:29:39] [SUCCESS] [628/2466] Imported Plasteel Helmet Schematic 4 [Blueprint_PlasticHelmet_5]
[2026-07-22 18:29:39] [SUCCESS] [629/2466] Imported Pump-Action Shotgun Schematic 1 [Blueprint_PumpActionShotgun_2]
[2026-07-22 18:29:39] [SUCCESS] [630/2466] Imported Pump-Action Shotgun Schematic 2 [Blueprint_PumpActionShotgun_3]
[2026-07-22 18:29:40] [SUCCESS] [631/2466] Imported Pump-Action Shotgun Schematic 3 [Blueprint_PumpActionShotgun_4]
[2026-07-22 18:29:40] [SUCCESS] [632/2466] Imported Pump-Action Shotgun Schematic 4 [Blueprint_PumpActionShotgun_5]
[2026-07-22 18:29:40] [SUCCESS] [633/2466] Imported Unknown Item (Blueprint_Salvage_FishingBait_1_A) [Blueprint_Salvage_FishingBait_1_A]
[2026-07-22 18:29:40] [SUCCESS] [634/2466] Imported Unknown Item (Blueprint_Salvage_FishingBait_1_B) [Blueprint_Salvage_FishingBait_1_B]
[2026-07-22 18:29:41] [SUCCESS] [635/2466] Imported Unknown Item (Blueprint_Salvage_FishingBait_2_A) [Blueprint_Salvage_FishingBait_2_A]
[2026-07-22 18:29:41] [SUCCESS] [636/2466] Imported Unknown Item (Blueprint_Salvage_FishingBait_2_B) [Blueprint_Salvage_FishingBait_2_B]
[2026-07-22 18:29:41] [SUCCESS] [637/2466] Imported Unknown Item (Blueprint_Salvage_FishingBait_3_B) [Blueprint_Salvage_FishingBait_3_B]
[2026-07-22 18:29:41] [SUCCESS] [638/2466] Imported Unknown Item (Blueprint_Salvage_TreasureBoxKey01) [Blueprint_Salvage_TreasureBoxKey01]
[2026-07-22 18:29:41] [SUCCESS] [639/2466] Imported Semi-Auto Rifle Schematic 1 [Blueprint_SemiAutoRifle_2]
[2026-07-22 18:29:42] [SUCCESS] [640/2466] Imported Semi-Auto Rifle Schematic 2 [Blueprint_SemiAutoRifle_3]
[2026-07-22 18:29:42] [SUCCESS] [641/2466] Imported Semi-Auto Rifle Schematic 3 [Blueprint_SemiAutoRifle_4]
[2026-07-22 18:29:42] [SUCCESS] [642/2466] Imported Semi-Auto Rifle Schematic 4 [Blueprint_SemiAutoRifle_5]
[2026-07-22 18:29:42] [SUCCESS] [643/2466] Imported Semi-Auto Shotgun Schematic 1 [Blueprint_SemiAutoShotgun_2]
[2026-07-22 18:29:43] [SUCCESS] [644/2466] Imported Semi-Auto Shotgun Schematic 2 [Blueprint_SemiAutoShotgun_3]
[2026-07-22 18:29:43] [SUCCESS] [645/2466] Imported Semi-Auto Shotgun Schematic 3 [Blueprint_SemiAutoShotgun_4]
[2026-07-22 18:29:43] [SUCCESS] [646/2466] Imported Semi-Auto Shotgun Schematic 4 [Blueprint_SemiAutoShotgun_5]
[2026-07-22 18:29:43] [SUCCESS] [647/2466] Imported Laboratory Chair Schematic [Blueprint_SF_Chair]
[2026-07-22 18:29:44] [SUCCESS] [648/2466] Imported Laboratory Desk Schematic [Blueprint_SF_Desk]
[2026-07-22 18:29:44] [SUCCESS] [649/2466] Imported Hexolite Armor Schematic 1 [Blueprint_SFArmor_2]
[2026-07-22 18:29:44] [ERROR] [650/2466] Failed Blueprint_SFArmor_3: Argument types do not match
[2026-07-22 18:29:44] [SUCCESS] [651/2466] Imported Hexolite Armor Schematic 3 [Blueprint_SFArmor_4]
[2026-07-22 18:29:44] [SUCCESS] [652/2466] Imported Hexolite Armor Schematic 4 [Blueprint_SFArmor_5]
[2026-07-22 18:29:45] [SUCCESS] [653/2466] Imported Cold Resistant Hexolite Armor Schematic 1 [Blueprint_SFArmorCold_2]
[2026-07-22 18:29:45] [SUCCESS] [654/2466] Imported Cold Resistant Hexolite Armor Schematic 2 [Blueprint_SFArmorCold_3]
[2026-07-22 18:29:45] [SUCCESS] [655/2466] Imported Cold Resistant Hexolite Armor Schematic 3 [Blueprint_SFArmorCold_4]
[2026-07-22 18:29:45] [SUCCESS] [656/2466] Imported Cold Resistant Hexolite Armor Schematic 4 [Blueprint_SFArmorCold_5]
[2026-07-22 18:29:46] [SUCCESS] [657/2466] Imported Heat Resistant Hexolite Armor Schematic 1 [Blueprint_SFArmorHeat_2]
[2026-07-22 18:29:46] [SUCCESS] [658/2466] Imported Heat Resistant Hexolite Armor Schematic 2 [Blueprint_SFArmorHeat_3]
[2026-07-22 18:29:46] [SUCCESS] [659/2466] Imported Heat Resistant Hexolite Armor Schematic 3 [Blueprint_SFArmorHeat_4]
[2026-07-22 18:29:46] [SUCCESS] [660/2466] Imported Heat Resistant Hexolite Armor Schematic 4 [Blueprint_SFArmorHeat_5]
[2026-07-22 18:29:46] [SUCCESS] [661/2466] Imported Lightweight Hexolite Armor Schematic 1 [Blueprint_SFArmorWeight_2]
[2026-07-22 18:29:47] [SUCCESS] [662/2466] Imported Lightweight Hexolite Armor Schematic 2 [Blueprint_SFArmorWeight_3]
[2026-07-22 18:29:47] [SUCCESS] [663/2466] Imported Lightweight Hexolite Armor Schematic 3 [Blueprint_SFArmorWeight_4]
[2026-07-22 18:29:47] [SUCCESS] [664/2466] Imported Lightweight Hexolite Armor Schematic 4 [Blueprint_SFArmorWeight_5]
[2026-07-22 18:29:47] [SUCCESS] [665/2466] Imported Advanced Bow Schematic 1 [Blueprint_SFBow_2]
[2026-07-22 18:29:48] [SUCCESS] [666/2466] Imported Advanced Bow Schematic 2 [Blueprint_SFBow_3]
[2026-07-22 18:29:48] [SUCCESS] [667/2466] Imported Advanced Bow Schematic 3 [Blueprint_SFBow_4]
[2026-07-22 18:29:48] [SUCCESS] [668/2466] Imported Advanced Bow Schematic 4 [Blueprint_SFBow_5]
[2026-07-22 18:29:48] [SUCCESS] [669/2466] Imported Hexolite Helmet Schematic 1 [Blueprint_SFHelmet_2]
[2026-07-22 18:29:48] [SUCCESS] [670/2466] Imported Hexolite Helmet Schematic 2 [Blueprint_SFHelmet_3]
[2026-07-22 18:29:49] [SUCCESS] [671/2466] Imported Hexolite Helmet Schematic 3 [Blueprint_SFHelmet_4]
[2026-07-22 18:29:49] [SUCCESS] [672/2466] Imported Hexolite Helmet Schematic 4 [Blueprint_SFHelmet_5]
[2026-07-22 18:29:49] [SUCCESS] [673/2466] Imported Red Wooden Lantern Schematic [Blueprint_Shrine_Lantern]
[2026-07-22 18:29:49] [SUCCESS] [674/2466] Imported Single-Shot Rifle Schematic 1 [Blueprint_SingleShotRifle_2]
[2026-07-22 18:29:50] [ERROR] [675/2466] Failed Blueprint_SingleShotRifle_3: Argument types do not match
[2026-07-22 18:29:50] [SUCCESS] [676/2466] Imported Single-Shot Rifle Schematic 3 [Blueprint_SingleShotRifle_4]
[2026-07-22 18:29:50] [SUCCESS] [677/2466] Imported Single-Shot Rifle Schematic 4 [Blueprint_SingleShotRifle_5]
[2026-07-22 18:29:50] [SUCCESS] [678/2466] Imported Heavy Assault Rifle Schematic 1 [Blueprint_SkyAssaultRifle_2]
[2026-07-22 18:29:50] [SUCCESS] [679/2466] Imported Heavy Assault Rifle Schematic 2 [Blueprint_SkyAssaultRifle_3]
[2026-07-22 18:29:51] [SUCCESS] [680/2466] Imported Heavy Assault Rifle Schematic 3 [Blueprint_SkyAssaultRifle_4]
[2026-07-22 18:29:51] [SUCCESS] [681/2466] Imported Heavy Assault Rifle Schematic 4 [Blueprint_SkyAssaultRifle_5]
[2026-07-22 18:29:51] [SUCCESS] [682/2466] Imported Laser Sword Schematic 1 [Blueprint_SkyBeamSword_2]
[2026-07-22 18:29:51] [SUCCESS] [683/2466] Imported Laser Sword Schematic 2 [Blueprint_SkyBeamSword_3]
[2026-07-22 18:29:52] [SUCCESS] [684/2466] Imported Laser Sword Schematic 3 [Blueprint_SkyBeamSword_4]
[2026-07-22 18:29:52] [SUCCESS] [685/2466] Imported Laser Sword Schematic 4 [Blueprint_SkyBeamSword_5]
[2026-07-22 18:29:52] [SUCCESS] [686/2466] Imported Mechanical Bow Schematic 1 [Blueprint_SkyBow_2]
[2026-07-22 18:29:52] [SUCCESS] [687/2466] Imported Mechanical Bow Schematic 2 [Blueprint_SkyBow_3]
[2026-07-22 18:29:53] [SUCCESS] [688/2466] Imported Mechanical Bow Schematic 3 [Blueprint_SkyBow_4]
[2026-07-22 18:29:53] [SUCCESS] [689/2466] Imported Mechanical Bow Schematic 4 [Blueprint_SkyBow_5]
[2026-07-22 18:29:53] [SUCCESS] [690/2466] Imported Tactical Grenade Launcher Schematic 1 [Blueprint_SkyGrenadeLauncher_2]
[2026-07-22 18:29:53] [SUCCESS] [691/2466] Imported Tactical Grenade Launcher Schematic 2 [Blueprint_SkyGrenadeLauncher_3]
[2026-07-22 18:29:54] [SUCCESS] [692/2466] Imported Tactical Grenade Launcher Schematic 3 [Blueprint_SkyGrenadeLauncher_4]
[2026-07-22 18:29:54] [SUCCESS] [693/2466] Imported Tactical Grenade Launcher Schematic 4 [Blueprint_SkyGrenadeLauncher_5]
[2026-07-22 18:29:54] [SUCCESS] [694/2466] Imported Prototype Shotgun Schematic 1 [Blueprint_SkyShotgun_2]
[2026-07-22 18:29:54] [SUCCESS] [695/2466] Imported Prototype Shotgun Schematic 2 [Blueprint_SkyShotgun_3]
[2026-07-22 18:29:55] [SUCCESS] [696/2466] Imported Prototype Shotgun Schematic 3 [Blueprint_SkyShotgun_4]
[2026-07-22 18:29:55] [SUCCESS] [697/2466] Imported Prototype Shotgun Schematic 4 [Blueprint_SkyShotgun_5]
[2026-07-22 18:29:56] [SUCCESS] [698/2466] Imported Combat SMG Schematic 1 [Blueprint_SkySubmachineGun_2]
[2026-07-22 18:29:56] [SUCCESS] [699/2466] Imported Combat SMG Schematic 2 [Blueprint_SkySubmachineGun_3]
[2026-07-22 18:29:56] [ERROR] [700/2466] Failed Blueprint_SkySubmachineGun_4: Argument types do not match
[2026-07-22 18:29:56] [SUCCESS] [701/2466] Imported Combat SMG Schematic 4 [Blueprint_SkySubmachineGun_5]
[2026-07-22 18:29:57] [SUCCESS] [702/2466] Imported Lily's Spear Schematic 4 [Blueprint_Spear_ForestBoss_5]
[2026-07-22 18:29:57] [SUCCESS] [703/2466] Imported Enhanced Lily's Spear Schematic 4 [Blueprint_Spear_ForestBoss2_5]
[2026-07-22 18:29:57] [SUCCESS] [704/2466] Imported Pal Metal Armor Schematic 1 [Blueprint_StealArmor_2]
[2026-07-22 18:29:57] [SUCCESS] [705/2466] Imported Pal Metal Armor Schematic 2 [Blueprint_StealArmor_3]
[2026-07-22 18:29:58] [SUCCESS] [706/2466] Imported Pal Metal Armor Schematic 3 [Blueprint_StealArmor_4]
[2026-07-22 18:29:58] [SUCCESS] [707/2466] Imported Pal Metal Armor Schematic 4 [Blueprint_StealArmor_5]
[2026-07-22 18:29:58] [SUCCESS] [708/2466] Imported Cold Resistant Pal Metal Armor Schematic 1 [Blueprint_StealArmorCold_2]
[2026-07-22 18:29:58] [SUCCESS] [709/2466] Imported Cold Resistant Pal Metal Armor Schematic 2 [Blueprint_StealArmorCold_3]
[2026-07-22 18:29:58] [SUCCESS] [710/2466] Imported Cold Resistant Pal Metal Armor Schematic 3 [Blueprint_StealArmorCold_4]
[2026-07-22 18:29:59] [SUCCESS] [711/2466] Imported Cold Resistant Pal Metal Armor Schematic 4 [Blueprint_StealArmorCold_5]
[2026-07-22 18:29:59] [SUCCESS] [712/2466] Imported Heat Resistant Pal Metal Armor Schematic 1 [Blueprint_StealArmorHeat_2]
[2026-07-22 18:29:59] [SUCCESS] [713/2466] Imported Heat Resistant Pal Metal Armor Schematic 2 [Blueprint_StealArmorHeat_3]
[2026-07-22 18:30:00] [SUCCESS] [714/2466] Imported Heat Resistant Pal Metal Armor Schematic 3 [Blueprint_StealArmorHeat_4]
[2026-07-22 18:30:00] [SUCCESS] [715/2466] Imported Heat Resistant Pal Metal Armor Schematic 4 [Blueprint_StealArmorHeat_5]
[2026-07-22 18:30:00] [SUCCESS] [716/2466] Imported Pal Metal Helm Schematic 1 [Blueprint_StealHelmet_2]
[2026-07-22 18:30:00] [SUCCESS] [717/2466] Imported Pal Metal Helm Schematic 2 [Blueprint_StealHelmet_3]
[2026-07-22 18:30:01] [SUCCESS] [718/2466] Imported Pal Metal Helm Schematic 3 [Blueprint_StealHelmet_4]
[2026-07-22 18:30:01] [SUCCESS] [719/2466] Imported Pal Metal Helm Schematic 4 [Blueprint_StealHelmet_5]
[2026-07-22 18:30:01] [SUCCESS] [720/2466] Imported SMG Schematic 1 [Blueprint_SubmachineGun_2]
[2026-07-22 18:30:01] [SUCCESS] [721/2466] Imported SMG Schematic 2 [Blueprint_SubmachineGun_3]
[2026-07-22 18:30:01] [SUCCESS] [722/2466] Imported SMG Schematic 3 [Blueprint_SubmachineGun_4]
[2026-07-22 18:30:02] [SUCCESS] [723/2466] Imported SMG Schematic 4 [Blueprint_SubmachineGun_5]
[2026-07-22 18:30:02] [SUCCESS] [724/2466] Imported Sword Schematic 1 [Blueprint_Sword_2]
[2026-07-22 18:30:02] [ERROR] [725/2466] Failed Blueprint_Sword_3: Argument types do not match
[2026-07-22 18:30:03] [SUCCESS] [726/2466] Imported Sword Schematic 3 [Blueprint_Sword_4]
[2026-07-22 18:30:03] [SUCCESS] [727/2466] Imported Sword Schematic 4 [Blueprint_Sword_5]
[2026-07-22 18:30:03] [SUCCESS] [728/2466] Imported Majestic Wall Torch Schematic [Blueprint_WallTorch02]
[2026-07-22 18:30:03] [SUCCESS] [729/2466] Imported Old Bow Schematic 1 [Blueprint_WeakerBow_2]
[2026-07-22 18:30:03] [SUCCESS] [730/2466] Imported Old Bow Schematic 2 [Blueprint_WeakerBow_3]
[2026-07-22 18:30:04] [SUCCESS] [731/2466] Imported Old Bow Schematic 3 [Blueprint_WeakerBow_4]
[2026-07-22 18:30:04] [SUCCESS] [732/2466] Imported Old Bow Schematic 4 [Blueprint_WeakerBow_5]
[2026-07-22 18:30:04] [SUCCESS] [733/2466] Imported Faded Schematic [Blueprint_WhaleWhistle]
[2026-07-22 18:30:04] [SUCCESS] [734/2466] Imported Beam Scatter Schematic 1 [Blueprint_WidePenetrateShotgun_2]
[2026-07-22 18:30:05] [SUCCESS] [735/2466] Imported Beam Scatter Schematic 2 [Blueprint_WidePenetrateShotgun_3]
[2026-07-22 18:30:05] [SUCCESS] [736/2466] Imported Beam Scatter Schematic 3 [Blueprint_WidePenetrateShotgun_4]
[2026-07-22 18:30:05] [SUCCESS] [737/2466] Imported Beam Scatter Schematic 4 [Blueprint_WidePenetrateShotgun_5]
[2026-07-22 18:30:05] [SUCCESS] [738/2466] Imported Wire Fence Schematic [Blueprint_Wire_Fence]
[2026-07-22 18:30:05] [SUCCESS] [739/2466] Imported Wooden Barricade Schematic [Blueprint_WoodenBarricade]
[2026-07-22 18:30:06] [SUCCESS] [740/2466] Imported Hallowed Plate Mail Schematic [Blueprint_YakushimaArmor001]
[2026-07-22 18:30:06] [SUCCESS] [741/2466] Imported Hallowed Plate Mail Schematic 1 [Blueprint_YakushimaArmor001_2]
[2026-07-22 18:30:06] [SUCCESS] [742/2466] Imported Hallowed Plate Mail Schematic 2 [Blueprint_YakushimaArmor001_3]
[2026-07-22 18:30:06] [SUCCESS] [743/2466] Imported Hallowed Plate Mail Schematic 3 [Blueprint_YakushimaArmor001_4]
[2026-07-22 18:30:07] [SUCCESS] [744/2466] Imported Hallowed Plate Mail Schematic 4 [Blueprint_YakushimaArmor001_5]
[2026-07-22 18:30:07] [SUCCESS] [745/2466] Imported Terra Blade Schematic [Blueprint_YakushimaBlade002]
[2026-07-22 18:30:07] [SUCCESS] [746/2466] Imported Terra Blade Schematic 1 [Blueprint_YakushimaBlade002_2]
[2026-07-22 18:30:07] [SUCCESS] [747/2466] Imported Terra Blade Schematic 2 [Blueprint_YakushimaBlade002_3]
[2026-07-22 18:30:07] [SUCCESS] [748/2466] Imported Terra Blade Schematic 3 [Blueprint_YakushimaBlade002_4]
[2026-07-22 18:30:08] [SUCCESS] [749/2466] Imported Terra Blade Schematic 4 [Blueprint_YakushimaBlade002_5]
[2026-07-22 18:30:08] [ERROR] [750/2466] Failed Blueprint_YakushimaBlade003: Argument types do not match
[2026-07-22 18:30:08] [SUCCESS] [751/2466] Imported Terraprisma Schematic 1 [Blueprint_YakushimaBlade003_2]
[2026-07-22 18:30:08] [SUCCESS] [752/2466] Imported Terraprisma Schematic 2 [Blueprint_YakushimaBlade003_3]
[2026-07-22 18:30:09] [SUCCESS] [753/2466] Imported Terraprisma Schematic 3 [Blueprint_YakushimaBlade003_4]
[2026-07-22 18:30:09] [SUCCESS] [754/2466] Imported Terraprisma Schematic 4 [Blueprint_YakushimaBlade003_5]
[2026-07-22 18:30:09] [SUCCESS] [755/2466] Imported Excalibur Schematic [Blueprint_YakushimaBlade004]
[2026-07-22 18:30:09] [SUCCESS] [756/2466] Imported Excalibur Schematic 1 [Blueprint_YakushimaBlade004_2]
[2026-07-22 18:30:09] [SUCCESS] [757/2466] Imported Excalibur Schematic 2 [Blueprint_YakushimaBlade004_3]
[2026-07-22 18:30:10] [SUCCESS] [758/2466] Imported Excalibur Schematic 3 [Blueprint_YakushimaBlade004_4]
[2026-07-22 18:30:10] [SUCCESS] [759/2466] Imported Excalibur Schematic 4 [Blueprint_YakushimaBlade004_5]
[2026-07-22 18:30:10] [SUCCESS] [760/2466] Imported Moon Lord Statue Schematic [Blueprint_YakushimaBoss002_Relic]
[2026-07-22 18:30:10] [SUCCESS] [761/2466] Imported Vortex Beater Schematic [Blueprint_YakushimaGun001]
[2026-07-22 18:30:11] [SUCCESS] [762/2466] Imported Vortex Beater Schematic 1 [Blueprint_YakushimaGun001_2]
[2026-07-22 18:30:11] [SUCCESS] [763/2466] Imported Vortex Beater Schematic 2 [Blueprint_YakushimaGun001_3]
[2026-07-22 18:30:11] [SUCCESS] [764/2466] Imported Vortex Beater Schematic 3 [Blueprint_YakushimaGun001_4]
[2026-07-22 18:30:11] [SUCCESS] [765/2466] Imported Vortex Beater Schematic 4 [Blueprint_YakushimaGun001_5]
[2026-07-22 18:30:11] [SUCCESS] [766/2466] Imported Hallowed Mask Schematic [Blueprint_YakushimaHeadEquip001]
[2026-07-22 18:30:12] [SUCCESS] [767/2466] Imported Hallowed Mask Schematic 1 [Blueprint_YakushimaHeadEquip001_2]
[2026-07-22 18:30:12] [SUCCESS] [768/2466] Imported Hallowed Mask Schematic 2 [Blueprint_YakushimaHeadEquip001_3]
[2026-07-22 18:30:12] [SUCCESS] [769/2466] Imported Hallowed Mask Schematic 3 [Blueprint_YakushimaHeadEquip001_4]
[2026-07-22 18:30:12] [SUCCESS] [770/2466] Imported Hallowed Mask Schematic 4 [Blueprint_YakushimaHeadEquip001_5]
[2026-07-22 18:30:13] [SUCCESS] [771/2466] Imported Hallowed Headgear Schematic [Blueprint_YakushimaHeadEquip002]
[2026-07-22 18:30:13] [SUCCESS] [772/2466] Imported Hallowed Headgear Schematic 1 [Blueprint_YakushimaHeadEquip002_2]
[2026-07-22 18:30:13] [SUCCESS] [773/2466] Imported Hallowed Headgear Schematic 2 [Blueprint_YakushimaHeadEquip002_3]
[2026-07-22 18:30:13] [SUCCESS] [774/2466] Imported Hallowed Headgear Schematic 3 [Blueprint_YakushimaHeadEquip002_4]
[2026-07-22 18:30:13] [ERROR] [775/2466] Failed Blueprint_YakushimaHeadEquip002_5: Argument types do not match
[2026-07-22 18:30:14] [SUCCESS] [776/2466] Imported Hallowed Helmet Schematic [Blueprint_YakushimaHeadEquip003]
[2026-07-22 18:30:14] [SUCCESS] [777/2466] Imported Hallowed Helmet Schematic 1 [Blueprint_YakushimaHeadEquip003_2]
[2026-07-22 18:30:14] [SUCCESS] [778/2466] Imported Hallowed Helmet Schematic 2 [Blueprint_YakushimaHeadEquip003_3]
[2026-07-22 18:30:14] [SUCCESS] [779/2466] Imported Hallowed Helmet Schematic 3 [Blueprint_YakushimaHeadEquip003_4]
[2026-07-22 18:30:15] [SUCCESS] [780/2466] Imported Hallowed Helmet Schematic 4 [Blueprint_YakushimaHeadEquip003_5]
[2026-07-22 18:30:15] [SUCCESS] [781/2466] Imported Hallowed Hood Schematic [Blueprint_YakushimaHeadEquip004]
[2026-07-22 18:30:15] [SUCCESS] [782/2466] Imported Hallowed Hood Schematic 1 [Blueprint_YakushimaHeadEquip004_2]
[2026-07-22 18:30:15] [SUCCESS] [783/2466] Imported Hallowed Hood Schematic 2 [Blueprint_YakushimaHeadEquip004_3]
[2026-07-22 18:30:15] [SUCCESS] [784/2466] Imported Hallowed Hood Schematic 3 [Blueprint_YakushimaHeadEquip004_4]
[2026-07-22 18:30:16] [SUCCESS] [785/2466] Imported Hallowed Hood Schematic 4 [Blueprint_YakushimaHeadEquip004_5]
[2026-07-22 18:30:16] [SUCCESS] [786/2466] Imported Nightglow Schematic [Blueprint_YakushimaLantern001]
[2026-07-22 18:30:16] [SUCCESS] [787/2466] Imported Nightglow Schematic 1 [Blueprint_YakushimaLantern001_2]
[2026-07-22 18:30:16] [SUCCESS] [788/2466] Imported Nightglow Schematic 2 [Blueprint_YakushimaLantern001_3]
[2026-07-22 18:30:17] [SUCCESS] [789/2466] Imported Nightglow Schematic 3 [Blueprint_YakushimaLantern001_4]
[2026-07-22 18:30:17] [SUCCESS] [790/2466] Imported Nightglow Schematic 4 [Blueprint_YakushimaLantern001_5]
[2026-07-22 18:30:17] [SUCCESS] [791/2466] Imported Zoe's Halloween Costume Schematic [Blueprint_Zoe_Halloweenskin_1]
[2026-07-22 18:30:17] [SUCCESS] [792/2466] Imported Unknown Item (BlueprintTest) [BlueprintTest]
[2026-07-22 18:30:17] [SUCCESS] [793/2466] Imported Bone [Bone]
[2026-07-22 18:30:18] [SUCCESS] [794/2466] Imported Kitsun Noct Bounty Token [BossDefeatReward_AmaterasuWolf_Dark]
[2026-07-22 18:30:18] [SUCCESS] [795/2466] Imported Anubis Bounty Token [BossDefeatReward_Anubis]
[2026-07-22 18:30:18] [SUCCESS] [796/2466] Imported Nyafia Bounty Token [BossDefeatReward_BadCatgirl]
[2026-07-22 18:30:18] [SUCCESS] [797/2466] Imported Caprity Noct Bounty Token [BossDefeatReward_BerryGoat_Dark]
[2026-07-22 18:30:19] [SUCCESS] [798/2466] Imported Astegon Bounty Token [BossDefeatReward_BlackMetalDragon]
[2026-07-22 18:30:19] [SUCCESS] [799/2466] Imported Smokie Bounty Token [BossDefeatReward_BlackPuppy]
[2026-07-22 18:30:19] [ERROR] [800/2466] Failed BossDefeatReward_BlueberryFairy: Argument types do not match
[2026-07-22 18:30:19] [SUCCESS] [801/2466] Imported Azurobe Bounty Token [BossDefeatReward_BlueDragon]
[2026-07-22 18:30:19] [SUCCESS] [802/2466] Imported Azurmane Bounty Token [BossDefeatReward_BlueThunderHorse]
[2026-07-22 18:30:20] [SUCCESS] [803/2466] Imported Modified Pal's Contaminated Core [BossDefeatReward_BossRush]
[2026-07-22 18:30:20] [SUCCESS] [804/2466] Imported Needoll Bounty Token [BossDefeatReward_CactusDoll]
[2026-07-22 18:30:20] [SUCCESS] [805/2466] Imported Penking Bounty Token [BossDefeatReward_CaptainPenguin]
[2026-07-22 18:30:20] [SUCCESS] [806/2466] Imported Katress Bounty Token [BossDefeatReward_CatMage]
[2026-07-22 18:30:21] [SUCCESS] [807/2466] Imported Felbat Bounty Token [BossDefeatReward_CatVampire]
[2026-07-22 18:30:21] [SUCCESS] [808/2466] Imported Tetroise Bounty Token [BossDefeatReward_CubeTurtle]
[2026-07-22 18:30:21] [SUCCESS] [809/2466] Imported Tetroise Primo Bounty Token [BossDefeatReward_CubeTurtle_Neutral]
[2026-07-22 18:30:21] [SUCCESS] [810/2466] Imported Menasting Bounty Token [BossDefeatReward_DarkScorpion]
[2026-07-22 18:30:21] [SUCCESS] [811/2466] Imported Menasting Terra Bounty Token [BossDefeatReward_DarkScorpion_Ground]
[2026-07-22 18:30:22] [SUCCESS] [812/2466] Imported Aegidron Bounty Token [BossDefeatReward_DomeArmorDragon]
[2026-07-22 18:30:22] [SUCCESS] [813/2466] Imported Slowatt Bounty Token [BossDefeatReward_ElecLizard]
[2026-07-22 18:30:22] [SUCCESS] [814/2466] Imported Grizzbolt Bounty Token [BossDefeatReward_ElecPanda]
[2026-07-22 18:30:22] [SUCCESS] [815/2466] Imported Snock Bounty Token [BossDefeatReward_ElecSnail]
[2026-07-22 18:30:23] [SUCCESS] [816/2466] Imported Elphidran Bounty Token [BossDefeatReward_FairyDragon]
[2026-07-22 18:30:23] [SUCCESS] [817/2466] Imported Fenglope Bounty Token [BossDefeatReward_FengyunDeeper]
[2026-07-22 18:30:23] [SUCCESS] [818/2466] Imported Fenglope Lux Bounty Token [BossDefeatReward_FengyunDeeper_Electric]
[2026-07-22 18:30:23] [SUCCESS] [819/2466] Imported Pyrin Bounty Token [BossDefeatReward_FireKirin]
[2026-07-22 18:30:23] [SUCCESS] [820/2466] Imported Arsox Bounty Token [BossDefeatReward_FlameBuffalo]
[2026-07-22 18:30:24] [SUCCESS] [821/2466] Imported Dinossom Lux Bounty Token [BossDefeatReward_FlowerDinosaur_Electric]
[2026-07-22 18:30:24] [SUCCESS] [822/2466] Imported Petallia Bounty Token [BossDefeatReward_FlowerDoll]
[2026-07-22 18:30:24] [SUCCESS] [823/2466] Imported <characterName id=|FlowerPrince|/>'s Petal [BossDefeatReward_FlowerPrince]
[2026-07-22 18:30:24] [SUCCESS] [824/2466] Imported Flaracle Bounty Token [BossDefeatReward_FoxExorcist]
[2026-07-22 18:30:25] [ERROR] [825/2466] Failed BossDefeatReward_FoxMage: Argument types do not match
[2026-07-22 18:30:25] [SUCCESS] [826/2466] Imported Eidrolon Bounty Token [BossDefeatReward_GhostDragon]
[2026-07-22 18:30:25] [SUCCESS] [827/2466] Imported Nitemary Bounty Token [BossDefeatReward_GhostRabbit]
[2026-07-22 18:30:25] [SUCCESS] [828/2466] Imported Gildane Bounty Token [BossDefeatReward_GoldenHorse]
[2026-07-22 18:30:26] [SUCCESS] [829/2466] Imported Dualith Bounty Token [BossDefeatReward_GrassGolem]
[2026-07-22 18:30:26] [SUCCESS] [830/2466] Imported Dualith Noct Bounty Token [BossDefeatReward_GrassGolem_Dark]
[2026-07-22 18:30:26] [SUCCESS] [831/2466] Imported Mammorest Bounty Token [BossDefeatReward_GrassMammoth]
[2026-07-22 18:30:26] [SUCCESS] [832/2466] Imported Mossanda Lux Bounty Token [BossDefeatReward_GrassPanda_Electric]
[2026-07-22 18:30:26] [SUCCESS] [833/2466] Imported Verdash Bounty Token [BossDefeatReward_GrassRabbitMan]
[2026-07-22 18:30:27] [SUCCESS] [834/2466] Imported Splatterina Bounty Token [BossDefeatReward_GrimGirl]
[2026-07-22 18:30:27] [SUCCESS] [835/2466] Imported Nitewing Bounty Token [BossDefeatReward_HawkBird]
[2026-07-22 18:30:27] [SUCCESS] [836/2466] Imported Warsect Bounty Token [BossDefeatReward_HerculesBeetle]
[2026-07-22 18:30:27] [SUCCESS] [837/2466] Imported Warsect Terra Bounty Token [BossDefeatReward_HerculesBeetle_Ground]
[2026-07-22 18:30:27] [SUCCESS] [838/2466] Imported Faleris Aqua Bounty Token [BossDefeatReward_Horus_Water]
[2026-07-22 18:30:28] [SUCCESS] [839/2466] Imported Foxicle Bounty Token [BossDefeatReward_IceFox]
[2026-07-22 18:30:28] [SUCCESS] [840/2466] Imported Frostallion Bounty Token [BossDefeatReward_IceHorse]
[2026-07-22 18:30:28] [SUCCESS] [841/2466] Imported Frostallion Noct Bounty Token [BossDefeatReward_IceHorse_Dark]
[2026-07-22 18:30:28] [SUCCESS] [842/2466] Imported Whalaska Bounty Token [BossDefeatReward_IceNarwhal]
[2026-07-22 18:30:29] [SUCCESS] [843/2466] Imported Whalaska Ignis Bounty Token [BossDefeatReward_IceNarwhal_Fire]
[2026-07-22 18:30:29] [SUCCESS] [844/2466] Imported Jetragon Bounty Token [BossDefeatReward_JetDragon]
[2026-07-22 18:30:29] [SUCCESS] [845/2466] Imported Renjishi Bounty Token [BossDefeatReward_KabukiMan]
[2026-07-22 18:30:29] [SUCCESS] [846/2466] Imported Kingpaca Bounty Token [BossDefeatReward_KingAlpaca]
[2026-07-22 18:30:30] [SUCCESS] [847/2466] Imported Ice Kingpaca Bounty Token [BossDefeatReward_KingAlpaca_Ice]
[2026-07-22 18:30:30] [SUCCESS] [848/2466] Imported Blazamut Bounty Token [BossDefeatReward_KingBahamut]
[2026-07-22 18:30:30] [SUCCESS] [849/2466] Imported Univolt Bounty Token [BossDefeatReward_Kirin]
[2026-07-22 18:30:30] [ERROR] [850/2466] Failed BossDefeatReward_Kitsunebi_Ice: Argument types do not match
[2026-07-22 18:30:30] [SUCCESS] [851/2466] Imported Dumud Bounty Token [BossDefeatReward_LazyCatfish]
[2026-07-22 18:30:31] [SUCCESS] [852/2466] Imported Relaxaurus Bounty Token [BossDefeatReward_LazyDragon_Electric]
[2026-07-22 18:30:31] [SUCCESS] [853/2466] Imported Lyleen Bounty Token [BossDefeatReward_LilyQueen]
[2026-07-22 18:30:31] [SUCCESS] [854/2466] Imported Lyleen Noct Bounty Token [BossDefeatReward_LilyQueen_Dark]
[2026-07-22 18:30:31] [SUCCESS] [855/2466] Imported Ophydia Bounty Token [BossDefeatReward_LotusDragon]
[2026-07-22 18:30:31] [SUCCESS] [856/2466] Imported Blazehowl Bounty Token [BossDefeatReward_Manticore]
[2026-07-22 18:30:32] [SUCCESS] [857/2466] Imported Wistella Bounty Token [BossDefeatReward_MoonChild]
[2026-07-22 18:30:32] [SUCCESS] [858/2466] Imported Sweepa Bounty Token [BossDefeatReward_MopKing]
[2026-07-22 18:30:32] [SUCCESS] [859/2466] Imported <characterName id=|Mothman|/>'s Plume [BossDefeatReward_Mothman]
[2026-07-22 18:30:32] [SUCCESS] [860/2466] Imported Shroomly Bounty Token [BossDefeatReward_MushroomLady]
[2026-07-22 18:30:33] [SUCCESS] [861/2466] Imported Lunaris Bounty Token [BossDefeatReward_Mutant]
[2026-07-22 18:30:33] [SUCCESS] [862/2466] Imported Omascul Bounty Token [BossDefeatReward_MysteryMask]
[2026-07-22 18:30:33] [SUCCESS] [863/2466] Imported Grintale Bounty Token [BossDefeatReward_NaughtyCat]
[2026-07-22 18:30:33] [SUCCESS] [864/2466] Imported Starryon Bounty Token [BossDefeatReward_NightBlueHorse]
[2026-07-22 18:30:33] [SUCCESS] [865/2466] Imported Ribbuny Botan Bounty Token [BossDefeatReward_PinkRabbit_Grass]
[2026-07-22 18:30:34] [SUCCESS] [866/2466] Imported Gumoss Bounty Token [BossDefeatReward_PlantSlime]
[2026-07-22 18:30:34] [SUCCESS] [867/2466] Imported Neptilius Bounty Token [BossDefeatReward_PoseidonOrca]
[2026-07-22 18:30:34] [SUCCESS] [868/2466] Imported Tarantris Bounty Token [BossDefeatReward_PurpleSpider]
[2026-07-22 18:30:34] [SUCCESS] [869/2466] Imported Elizabee Bounty Token [BossDefeatReward_QueenBee]
[2026-07-22 18:30:35] [SUCCESS] [870/2466] Imported Dazzi Noct Bounty Token [BossDefeatReward_RaijinDaughter_Water]
[2026-07-22 18:30:35] [SUCCESS] [871/2466] Imported Kuprok Bounty Token [BossDefeatReward_RockBeast]
[2026-07-22 18:30:35] [SUCCESS] [872/2466] Imported Kuprok Cryst Bounty Token [BossDefeatReward_RockBeast_Ice]
[2026-07-22 18:30:35] [SUCCESS] [873/2466] Imported Bushi Bounty Token [BossDefeatReward_Ronin]
[2026-07-22 18:30:35] [SUCCESS] [874/2466] Imported Twin Knights Bounty Token [BossDefeatReward_SaintCentaur]
[2026-07-22 18:30:36] [ERROR] [875/2466] Failed BossDefeatReward_SakuraSaurus: Argument types do not match
[2026-07-22 18:30:36] [SUCCESS] [876/2466] Imported Broncherry Aqua Bounty Token [BossDefeatReward_SakuraSaurus_Water]
[2026-07-22 18:30:36] [SUCCESS] [877/2466] Imported Prixter Lux Bounty Token [BossDefeatReward_ScorpionMan_Electric]
[2026-07-22 18:30:36] [SUCCESS] [878/2466] Imported Quivern Bounty Token [BossDefeatReward_SkyDragon]
[2026-07-22 18:30:37] [SUCCESS] [879/2466] Imported Suzaku Bounty Token [BossDefeatReward_Suzaku]
[2026-07-22 18:30:37] [SUCCESS] [880/2466] Imported Beakon Bounty Token [BossDefeatReward_ThunderBird]
[2026-07-22 18:30:37] [SUCCESS] [881/2466] Imported Dynamoff Bounty Token [BossDefeatReward_ThunderFluffyBird]
[2026-07-22 18:30:37] [SUCCESS] [882/2466] Imported Jormuntide Bounty Token [BossDefeatReward_Umihebi]
[2026-07-22 18:30:37] [SUCCESS] [883/2466] Imported Vaelet Bounty Token [BossDefeatReward_VioletFairy]
[2026-07-22 18:30:38] [SUCCESS] [884/2466] Imported Reptyro Bounty Token [BossDefeatReward_VolcanicMonster]
[2026-07-22 18:30:38] [SUCCESS] [885/2466] Imported Moldron Bounty Token [BossDefeatReward_VolcanoDragon]
[2026-07-22 18:30:38] [SUCCESS] [886/2466] Imported Moldron Cryst Bounty Token [BossDefeatReward_VolcanoDragon_Ice]
[2026-07-22 18:30:38] [SUCCESS] [887/2466] Imported Chillet Bounty Token [BossDefeatReward_WeaselDragon]
[2026-07-22 18:30:39] [SUCCESS] [888/2466] Imported Loupmoon Cryst Bounty Token [BossDefeatReward_Werewolf_Ice]
[2026-07-22 18:30:39] [SUCCESS] [889/2466] Imported Celesdir Bounty Token [BossDefeatReward_WhiteDeer]
[2026-07-22 18:30:39] [SUCCESS] [890/2466] Imported Celesdir Noct Bounty Token [BossDefeatReward_WhiteDeer_Dark]
[2026-07-22 18:30:39] [SUCCESS] [891/2466] Imported Sibelyx Bounty Token [BossDefeatReward_WhiteMoth]
[2026-07-22 18:30:39] [SUCCESS] [892/2466] Imported Silvegis Bounty Token [BossDefeatReward_WhiteShieldDragon]
[2026-07-22 18:30:40] [SUCCESS] [893/2466] Imported Cryolinx Terra Bounty Token [BossDefeatReward_WhiteTiger_Ground]
[2026-07-22 18:30:40] [SUCCESS] [894/2466] Imported Knocklem Bounty Token [BossDefeatReward_WingGolem]
[2026-07-22 18:30:40] [SUCCESS] [895/2466] Imported Wumpo Botan Bounty Token [BossDefeatReward_Yeti_Grass]
[2026-07-22 18:30:40] [SUCCESS] [896/2466] Imported Successful Bounty Token [BountyProof_1]
[2026-07-22 18:30:41] [SUCCESS] [897/2466] Imported Five Shot Bow [Bow_Fifth]
[2026-07-22 18:30:41] [SUCCESS] [898/2466] Imported Fire Bow [Bow_Fire]
[2026-07-22 18:30:41] [SUCCESS] [899/2466] Imported Poison Bow [Bow_Poison]
[2026-07-22 18:30:41] [ERROR] [900/2466] Failed Bow_Triple: Argument types do not match
[2026-07-22 18:30:41] [SUCCESS] [901/2466] Imported Crossbow [BowGun]
[2026-07-22 18:30:42] [SUCCESS] [902/2466] Imported Crossbow +1 [BowGun_2]
[2026-07-22 18:30:42] [SUCCESS] [903/2466] Imported Crossbow +2 [BowGun_3]
[2026-07-22 18:30:42] [SUCCESS] [904/2466] Imported Crossbow +3 [BowGun_4]
[2026-07-22 18:30:42] [SUCCESS] [905/2466] Imported Crossbow +4 [BowGun_5]
[2026-07-22 18:30:43] [SUCCESS] [906/2466] Imported Fire Arrow Crossbow [BowGun_Fire]
[2026-07-22 18:30:43] [SUCCESS] [907/2466] Imported Fire Arrow Crossbow +1 [BowGun_Fire_2]
[2026-07-22 18:30:43] [SUCCESS] [908/2466] Imported Fire Arrow Crossbow +2 [BowGun_Fire_3]
[2026-07-22 18:30:43] [SUCCESS] [909/2466] Imported Fire Arrow Crossbow +3 [BowGun_Fire_4]
[2026-07-22 18:30:43] [SUCCESS] [910/2466] Imported Fire Arrow Crossbow +4 [BowGun_Fire_5]
[2026-07-22 18:30:44] [SUCCESS] [911/2466] Imported en Text +12 [BowGun_NPC]
[2026-07-22 18:30:44] [SUCCESS] [912/2466] Imported en Text +13 [BowGun_NPC_Otomo]
[2026-07-22 18:30:44] [SUCCESS] [913/2466] Imported Poison Arrow Crossbow [BowGun_Poison]
[2026-07-22 18:30:44] [SUCCESS] [914/2466] Imported Poison Arrow Crossbow +1 [BowGun_Poison_2]
[2026-07-22 18:30:45] [SUCCESS] [915/2466] Imported Poison Arrow Crossbow +2 [BowGun_Poison_3]
[2026-07-22 18:30:45] [SUCCESS] [916/2466] Imported Poison Arrow Crossbow +3 [BowGun_Poison_4]
[2026-07-22 18:30:45] [SUCCESS] [917/2466] Imported Poison Arrow Crossbow +4 [BowGun_Poison_5]
[2026-07-22 18:30:45] [SUCCESS] [918/2466] Imported Primitive Sword [BronzeSword]
[2026-07-22 18:30:45] [SUCCESS] [919/2466] Imported Cake [Cake]
[2026-07-22 18:30:46] [SUCCESS] [920/2466] Imported Mushroom Cake [Cake02]
[2026-07-22 18:30:46] [SUCCESS] [921/2466] Imported Vegetable Cake [Cake03]
[2026-07-22 18:30:46] [SUCCESS] [922/2466] Imported Extravagant Vegetable Cake [Cake04]
[2026-07-22 18:30:46] [SUCCESS] [923/2466] Imported Special Cake [Cake05]
[2026-07-22 18:30:47] [SUCCESS] [924/2466] Imported en Text +14 [CaptureRope]
[2026-07-22 18:30:47] [ERROR] [925/2466] Failed Carbonara: Argument types do not match
[2026-07-22 18:30:47] [SUCCESS] [926/2466] Imported Carbon Fiber [CarbonFiber]
[2026-07-22 18:30:47] [SUCCESS] [927/2466] Imported Carrot [Carrot]
[2026-07-22 18:30:47] [SUCCESS] [928/2466] Imported Carrot Seeds [CarrotSeeds]
[2026-07-22 18:30:48] [SUCCESS] [929/2466] Imported en Text +15 [CashFang]
[2026-07-22 18:30:48] [SUCCESS] [930/2466] Imported en Text +16 [CashScales]
[2026-07-22 18:30:48] [SUCCESS] [931/2466] Imported Cavern Mushroom [CaveMushroom]
[2026-07-22 18:30:48] [SUCCESS] [932/2466] Imported Cement [Cement]
[2026-07-22 18:30:48] [SUCCESS] [933/2466] Imported Charcoal [Charcoal]
[2026-07-22 18:30:49] [SUCCESS] [934/2466] Imported Charge Rifle [ChargeLaserRifle]
[2026-07-22 18:30:49] [SUCCESS] [935/2466] Imported Charge Rifle +1 [ChargeLaserRifle_2]
[2026-07-22 18:30:49] [SUCCESS] [936/2466] Imported Charge Rifle +2 [ChargeLaserRifle_3]
[2026-07-22 18:30:49] [SUCCESS] [937/2466] Imported Charge Rifle +3 [ChargeLaserRifle_4]
[2026-07-22 18:30:50] [SUCCESS] [938/2466] Imported Charge Rifle +4 [ChargeLaserRifle_5]
[2026-07-22 18:30:50] [SUCCESS] [939/2466] Imported Charge Rifle Ammo [ChargeLaserRifleBullet]
[2026-07-22 18:30:50] [SUCCESS] [940/2466] Imported Cheeseburger [CheeseBurger]
[2026-07-22 18:30:50] [SUCCESS] [941/2466] Imported Mozzarina Cheeseburger [Cheeseburger_2]
[2026-07-22 18:30:50] [SUCCESS] [942/2466] Imported Chikipi Sauté [ChickenSaute]
[2026-07-22 18:30:51] [SUCCESS] [943/2466] Imported Dumud Chowder [Chowder]
[2026-07-22 18:30:51] [SUCCESS] [944/2466] Imported Chromite [Chromium]
[2026-07-22 18:30:51] [SUCCESS] [945/2466] Imported Claw [Claws]
[2026-07-22 18:30:51] [SUCCESS] [946/2466] Imported en Text +17 [Claws2]
[2026-07-22 18:30:52] [SUCCESS] [947/2466] Imported en Text +18 [ClawsPendant]
[2026-07-22 18:30:52] [SUCCESS] [948/2466] Imported Cloth [Cloth]
[2026-07-22 18:30:52] [SUCCESS] [949/2466] Imported High Quality Cloth [Cloth2]
[2026-07-22 18:30:52] [ERROR] [950/2466] Failed ClothArmor: Argument types do not match
[2026-07-22 18:30:52] [SUCCESS] [951/2466] Imported Cloth Outfit +1 [ClothArmor_2]
[2026-07-22 18:30:53] [SUCCESS] [952/2466] Imported Cloth Outfit +2 [ClothArmor_3]
[2026-07-22 18:30:53] [SUCCESS] [953/2466] Imported Cloth Outfit +3 [ClothArmor_4]
[2026-07-22 18:30:53] [SUCCESS] [954/2466] Imported Cloth Outfit +4 [ClothArmor_5]
[2026-07-22 18:30:53] [SUCCESS] [955/2466] Imported Tundra Outfit [ClothArmorCold]
[2026-07-22 18:30:54] [SUCCESS] [956/2466] Imported Tundra Outfit +1 [ClothArmorCold_2]
[2026-07-22 18:30:54] [SUCCESS] [957/2466] Imported Tundra Outfit +2 [ClothArmorCold_3]
[2026-07-22 18:30:54] [SUCCESS] [958/2466] Imported Tundra Outfit +3 [ClothArmorCold_4]
[2026-07-22 18:30:54] [SUCCESS] [959/2466] Imported Tundra Outfit +4 [ClothArmorCold_5]
[2026-07-22 18:30:55] [SUCCESS] [960/2466] Imported Tropical Outfit [ClothArmorHeat]
[2026-07-22 18:30:55] [SUCCESS] [961/2466] Imported Tropical Outfit +1 [ClothArmorHeat_2]
[2026-07-22 18:30:55] [SUCCESS] [962/2466] Imported Tropical Outfit +2 [ClothArmorHeat_3]
[2026-07-22 18:30:56] [SUCCESS] [963/2466] Imported Tropical Outfit +3 [ClothArmorHeat_4]
[2026-07-22 18:30:56] [SUCCESS] [964/2466] Imported Tropical Outfit +4 [ClothArmorHeat_5]
[2026-07-22 18:30:56] [SUCCESS] [965/2466] Imported en Text +19 [ClothHat]
[2026-07-22 18:30:56] [SUCCESS] [966/2466] Imported Coal [Coal]
[2026-07-22 18:30:57] [SUCCESS] [967/2466] Imported Compound Bow [CompoundBow]
[2026-07-22 18:30:57] [SUCCESS] [968/2466] Imported Compound Bow +1 [CompoundBow_2]
[2026-07-22 18:30:57] [SUCCESS] [969/2466] Imported Compound Bow +2 [CompoundBow_3]
[2026-07-22 18:30:57] [SUCCESS] [970/2466] Imported Compound Bow +3 [CompoundBow_4]
[2026-07-22 18:30:57] [SUCCESS] [971/2466] Imported Compound Bow +4 [CompoundBow_5]
[2026-07-22 18:30:58] [SUCCESS] [972/2466] Imported Computer [Computer]
[2026-07-22 18:30:58] [SUCCESS] [973/2466] Imported Metal Armor [CopperArmor]
[2026-07-22 18:30:58] [SUCCESS] [974/2466] Imported Metal Armor +1 [CopperArmor_2]
[2026-07-22 18:30:58] [ERROR] [975/2466] Failed CopperArmor_3: Argument types do not match
[2026-07-22 18:30:59] [SUCCESS] [976/2466] Imported Metal Armor +3 [CopperArmor_4]
[2026-07-22 18:30:59] [SUCCESS] [977/2466] Imported Metal Armor +4 [CopperArmor_5]
[2026-07-22 18:30:59] [SUCCESS] [978/2466] Imported Cold Resistant Metal Armor [CopperArmorCold]
[2026-07-22 18:30:59] [SUCCESS] [979/2466] Imported Cold Resistant Metal Armor +1 [CopperArmorCold_2]
[2026-07-22 18:31:00] [SUCCESS] [980/2466] Imported Cold Resistant Metal Armor +2 [CopperArmorCold_3]
[2026-07-22 18:31:00] [SUCCESS] [981/2466] Imported Cold Resistant Metal Armor +3 [CopperArmorCold_4]
[2026-07-22 18:31:00] [SUCCESS] [982/2466] Imported Cold Resistant Metal Armor +4 [CopperArmorCold_5]
[2026-07-22 18:31:00] [SUCCESS] [983/2466] Imported Heat Resistant Metal Armor [CopperArmorHeat]
[2026-07-22 18:31:01] [SUCCESS] [984/2466] Imported Heat Resistant Metal Armor +1 [CopperArmorHeat_2]
[2026-07-22 18:31:01] [SUCCESS] [985/2466] Imported Heat Resistant Metal Armor +2 [CopperArmorHeat_3]
[2026-07-22 18:31:01] [SUCCESS] [986/2466] Imported Heat Resistant Metal Armor +3 [CopperArmorHeat_4]
[2026-07-22 18:31:01] [SUCCESS] [987/2466] Imported Heat Resistant Metal Armor +4 [CopperArmorHeat_5]
[2026-07-22 18:31:01] [SUCCESS] [988/2466] Imported Metal Helm [CopperHelmet]
[2026-07-22 18:31:02] [SUCCESS] [989/2466] Imported Metal Helm +1 [CopperHelmet_2]
[2026-07-22 18:31:02] [SUCCESS] [990/2466] Imported Metal Helm +2 [CopperHelmet_3]
[2026-07-22 18:31:02] [SUCCESS] [991/2466] Imported Metal Helm +3 [CopperHelmet_4]
[2026-07-22 18:31:02] [SUCCESS] [992/2466] Imported Metal Helm +4 [CopperHelmet_5]
[2026-07-22 18:31:03] [SUCCESS] [993/2466] Imported Ingot [CopperIngot]
[2026-07-22 18:31:03] [SUCCESS] [994/2466] Imported Ore [CopperOre]
[2026-07-22 18:31:03] [SUCCESS] [995/2466] Imported en Text +20 [Corn]
[2026-07-22 18:31:03] [SUCCESS] [996/2466] Imported Corn Soup [CornSoup]
[2026-07-22 18:31:03] [SUCCESS] [997/2466] Imported Corrosive Solvent [Corrosive_Solvent]
[2026-07-22 18:31:04] [SUCCESS] [998/2466] Imported Crude Oil [CrudeOil]
[2026-07-22 18:31:04] [SUCCESS] [999/2466] Imported Mammorest Curry [Curry]
[2026-07-22 18:31:04] [ERROR] [1000/2466] Failed Curry_old: Argument types do not match
[2026-07-22 18:31:04] [SUCCESS] [1001/2466] Imported en Text +21 [Debug_Handgun_AttackUp]
[2026-07-22 18:31:05] [SUCCESS] [1002/2466] Imported en Text +22 [Debug_Handgun_Burn]
[2026-07-22 18:31:05] [SUCCESS] [1003/2466] Imported en Text +23 [Debug_Handgun_Darkness]
[2026-07-22 18:31:05] [SUCCESS] [1004/2466] Imported en Text +24 [Debug_Handgun_DefenseUp]
[2026-07-22 18:31:05] [SUCCESS] [1005/2466] Imported en Text +25 [Debug_Handgun_Electrical]
[2026-07-22 18:31:05] [SUCCESS] [1006/2466] Imported en Text +26 [Debug_Handgun_Freeze]
[2026-07-22 18:31:06] [SUCCESS] [1007/2466] Imported en Text +27 [Debug_Handgun_IvyCling]
[2026-07-22 18:31:06] [SUCCESS] [1008/2466] Imported en Text +28 [Debug_Handgun_Muddy]
[2026-07-22 18:31:06] [SUCCESS] [1009/2466] Imported en Text +29 [Debug_Handgun_Poison]
[2026-07-22 18:31:06] [SUCCESS] [1010/2466] Imported en Text +30 [Debug_Handgun_Stun]
[2026-07-22 18:31:07] [SUCCESS] [1011/2466] Imported en Text +31 [Debug_Handgun_Wetness]
[2026-07-22 18:31:07] [SUCCESS] [1012/2466] Imported Decal Gun 1 [DecalGun_1]
[2026-07-22 18:31:07] [SUCCESS] [1013/2466] Imported Decal Gun 2 [DecalGun_2]
[2026-07-22 18:31:07] [SUCCESS] [1014/2466] Imported Decal Gun 3 [DecalGun_3]
[2026-07-22 18:31:07] [SUCCESS] [1015/2466] Imported Decal Gun 4 [DecalGun_4]
[2026-07-22 18:31:08] [SUCCESS] [1016/2466] Imported Decal Gun 5 [DecalGun_5]
[2026-07-22 18:31:08] [SUCCESS] [1017/2466] Imported Eikthyrdeer Loco Moco [DeerLocoMoco]
[2026-07-22 18:31:08] [SUCCESS] [1018/2466] Imported Eikthyrdeer Stew [DeerStew]
[2026-07-22 18:31:08] [SUCCESS] [1019/2466] Imported Diamond [Diamond]
[2026-07-22 18:31:09] [SUCCESS] [1020/2466] Imported Dog Coin [DogCoin]
[2026-07-22 18:31:09] [SUCCESS] [1021/2466] Imported Double-Barreled Shotgun [DoubleBarrelShotgun]
[2026-07-22 18:31:09] [SUCCESS] [1022/2466] Imported Double-Barreled Shotgun +1 [DoubleBarrelShotgun_2]
[2026-07-22 18:31:09] [SUCCESS] [1023/2466] Imported Double-Barreled Shotgun +2 [DoubleBarrelShotgun_3]
[2026-07-22 18:31:09] [SUCCESS] [1024/2466] Imported Double-Barreled Shotgun +3 [DoubleBarrelShotgun_4]
[2026-07-22 18:31:10] [ERROR] [1025/2466] Failed DoubleBarrelShotgun_5: Argument types do not match
[2026-07-22 18:31:10] [SUCCESS] [1026/2466] Imported Drone Launcher [DroneLauncher]
[2026-07-22 18:31:10] [SUCCESS] [1027/2466] Imported Drone Launcher +1 [DroneLauncher_2]
[2026-07-22 18:31:10] [SUCCESS] [1028/2466] Imported Drone Launcher +2 [DroneLauncher_3]
[2026-07-22 18:31:11] [SUCCESS] [1029/2466] Imported Drone Launcher +3 [DroneLauncher_4]
[2026-07-22 18:31:11] [SUCCESS] [1030/2466] Imported Drone Launcher +4 [DroneLauncher_5]
[2026-07-22 18:31:11] [SUCCESS] [1031/2466] Imported Stewed Galeclaw [Eaglestew]
[2026-07-22 18:31:11] [SUCCESS] [1032/2466] Imported Emerald [Eemerald]
[2026-07-22 18:31:11] [SUCCESS] [1033/2466] Imported Egg [Egg]
[2026-07-22 18:31:12] [SUCCESS] [1034/2466] Imported Stun Baton [ElecBaton]
[2026-07-22 18:31:12] [SUCCESS] [1035/2466] Imported Plasma Rifle [ElectricArcAssaultRifle]
[2026-07-22 18:31:12] [SUCCESS] [1036/2466] Imported Plasma Rifle +1 [ElectricArcAssaultRifle_2]
[2026-07-22 18:31:12] [SUCCESS] [1037/2466] Imported Plasma Rifle +2 [ElectricArcAssaultRifle_3]
[2026-07-22 18:31:13] [SUCCESS] [1038/2466] Imported Plasma Rifle +3 [ElectricArcAssaultRifle_4]
[2026-07-22 18:31:13] [SUCCESS] [1039/2466] Imported Plasma Rifle +4 [ElectricArcAssaultRifle_5]
[2026-07-22 18:31:13] [SUCCESS] [1040/2466] Imported Plasma Rifle Ammo [ElectricArcAssaultRifleBullet]
[2026-07-22 18:31:13] [SUCCESS] [1041/2466] Imported Electric Organ [ElectricOrgan]
[2026-07-22 18:31:14] [SUCCESS] [1042/2466] Imported en Text +32 [ElectronicCircuit]
[2026-07-22 18:31:14] [SUCCESS] [1043/2466] Imported Might Remedy [Elixir_attack_01]
[2026-07-22 18:31:14] [SUCCESS] [1044/2466] Imported Might Elixir [Elixir_attack_02]
[2026-07-22 18:31:14] [SUCCESS] [1045/2466] Imported Vital Remedy [Elixir_hp_01]
[2026-07-22 18:31:14] [SUCCESS] [1046/2466] Imported Vital Elixir [Elixir_hp_02]
[2026-07-22 18:31:15] [SUCCESS] [1047/2466] Imported Life Crystal [Elixir_hp_Yakushima]
[2026-07-22 18:31:15] [SUCCESS] [1048/2466] Imported Stamina Remedy [Elixir_stamina_01]
[2026-07-22 18:31:15] [SUCCESS] [1049/2466] Imported Stamina Elixir [Elixir_stamina_02]
[2026-07-22 18:31:15] [ERROR] [1050/2466] Failed Elixir_weight_01: Argument types do not match
[2026-07-22 18:31:16] [SUCCESS] [1051/2466] Imported Burden Elixir [Elixir_weight_02]
[2026-07-22 18:31:16] [SUCCESS] [1052/2466] Imported Speed Remedy [Elixir_workspeed_01]
[2026-07-22 18:31:16] [SUCCESS] [1053/2466] Imported Speed Elixir [Elixir_workspeed_02]
[2026-07-22 18:31:16] [SUCCESS] [1054/2466] Imported en Text +33 [EnergyDrink]
[2026-07-22 18:31:16] [SUCCESS] [1055/2466] Imported Plasma Cartridge [EnergyLauncherBullet]
[2026-07-22 18:31:17] [SUCCESS] [1056/2466] Imported Plasma Cannon [EnergyRocketLauncher]
[2026-07-22 18:31:17] [SUCCESS] [1057/2466] Imported Plasma Cannon +1 [EnergyRocketLauncher_2]
[2026-07-22 18:31:17] [SUCCESS] [1058/2466] Imported Plasma Cannon +2 [EnergyRocketLauncher_3]
[2026-07-22 18:31:18] [SUCCESS] [1059/2466] Imported Plasma Cannon +3 [EnergyRocketLauncher_4]
[2026-07-22 18:31:18] [SUCCESS] [1060/2466] Imported Plasma Cannon +4 [EnergyRocketLauncher_5]
[2026-07-22 18:31:18] [SUCCESS] [1061/2466] Imported Energy Shotgun [EnergyShotgun]
[2026-07-22 18:31:18] [SUCCESS] [1062/2466] Imported Energy Shotgun +1 [EnergyShotgun_2]
[2026-07-22 18:31:18] [SUCCESS] [1063/2466] Imported Energy Shotgun +2 [EnergyShotgun_3]
[2026-07-22 18:31:19] [SUCCESS] [1064/2466] Imported Energy Shotgun +3 [EnergyShotgun_4]
[2026-07-22 18:31:19] [SUCCESS] [1065/2466] Imported Energy Shotgun +4 [EnergyShotgun_5]
[2026-07-22 18:31:19] [SUCCESS] [1066/2466] Imported Energy Shotgun Ammo [EnergyShotgunBullet]
[2026-07-22 18:31:19] [SUCCESS] [1067/2466] Imported Training Manual (S) [ExpBoost_01]
[2026-07-22 18:31:20] [SUCCESS] [1068/2466] Imported Training Manual (M) [ExpBoost_02]
[2026-07-22 18:31:20] [SUCCESS] [1069/2466] Imported Training Manual (L) [ExpBoost_03]
[2026-07-22 18:31:20] [SUCCESS] [1070/2466] Imported Training Manual (XL) [ExpBoost_04]
[2026-07-22 18:31:20] [SUCCESS] [1071/2466] Imported Rocket Ammo [ExplosiveBullet]
[2026-07-22 18:31:20] [SUCCESS] [1072/2466] Imported Fang [Fang]
[2026-07-22 18:31:21] [SUCCESS] [1073/2466] Imported en Text +34 [Fang2]
[2026-07-22 18:31:21] [SUCCESS] [1074/2466] Imported en Text +35 [FangNecklace]
[2026-07-22 18:31:21] [ERROR] [1075/2466] Failed FarmCrop_Tmp: Argument types do not match
[2026-07-22 18:31:21] [SUCCESS] [1076/2466] Imported Fiber [Fiber]
[2026-07-22 18:31:22] [SUCCESS] [1077/2466] Imported Flame Organ [FireOrgan]
[2026-07-22 18:31:22] [SUCCESS] [1078/2466] Imported Simple Bait [FishingBait_1]
[2026-07-22 18:31:22] [SUCCESS] [1079/2466] Imported Beginner Bait [FishingBait_1_A]
[2026-07-22 18:31:22] [SUCCESS] [1080/2466] Imported Sweet Bait [FishingBait_1_B]
[2026-07-22 18:31:22] [SUCCESS] [1081/2466] Imported High Quality Bait [FishingBait_2]
[2026-07-22 18:31:23] [SUCCESS] [1082/2466] Imported Lucky Bait [FishingBait_2_A]
[2026-07-22 18:31:23] [SUCCESS] [1083/2466] Imported Quick Bait [FishingBait_2_B]
[2026-07-22 18:31:23] [SUCCESS] [1084/2466] Imported Deluxe Bait [FishingBait_3]
[2026-07-22 18:31:23] [SUCCESS] [1085/2466] Imported Alluring Bait [FishingBait_3_A]
[2026-07-22 18:31:23] [SUCCESS] [1086/2466] Imported Risky Bait [FishingBait_3_B]
[2026-07-22 18:31:24] [SUCCESS] [1087/2466] Imported Beginner Fishing Rod (Chillet) [FishingRod_01_1]
[2026-07-22 18:31:24] [SUCCESS] [1088/2466] Imported Beginner Fishing Rod (Gumoss) [FishingRod_01_2]
[2026-07-22 18:31:24] [SUCCESS] [1089/2466] Imported Intermediate Fishing Rod (Cattiva) [FishingRod_02_1]
[2026-07-22 18:31:24] [SUCCESS] [1090/2466] Imported Intermediate Fishing Rod (Croajiro) [FishingRod_02_2]
[2026-07-22 18:31:25] [SUCCESS] [1091/2466] Imported Advanced Fishing Rod (Pengullet) [FishingRod_03_1]
[2026-07-22 18:31:25] [SUCCESS] [1092/2466] Imported Advanced Fishing Rod (Depresso) [FishingRod_03_2]
[2026-07-22 18:31:25] [SUCCESS] [1093/2466] Imported Fishing Rod_Good [FishingRod_Good]
[2026-07-22 18:31:25] [SUCCESS] [1094/2466] Imported Fishing Rod_Legendary [FishingRod_Legendary]
[2026-07-22 18:31:25] [SUCCESS] [1095/2466] Imported Fishing Rod_Old [FishingRod_Old]
[2026-07-22 18:31:26] [SUCCESS] [1096/2466] Imported Fishing Rod_Super [FishingRod_Super]
[2026-07-22 18:31:26] [SUCCESS] [1097/2466] Imported Unknown Item (FishingRod_Test) [FishingRod_Test]
[2026-07-22 18:31:26] [SUCCESS] [1098/2466] Imported en Text +37 [FishMeat]
[2026-07-22 18:31:26] [SUCCESS] [1099/2466] Imported en Text +38 [FishMeat2]
[2026-07-22 18:31:27] [ERROR] [1100/2466] Failed FlameThrower: Argument types do not match
[2026-07-22 18:31:27] [SUCCESS] [1101/2466] Imported Flamethrower +1 [FlameThrower_2]
[2026-07-22 18:31:27] [SUCCESS] [1102/2466] Imported Flamethrower +2 [FlameThrower_3]
[2026-07-22 18:31:27] [SUCCESS] [1103/2466] Imported Flamethrower +3 [FlameThrower_4]
[2026-07-22 18:31:27] [SUCCESS] [1104/2466] Imported Flamethrower +4 [FlameThrower_5]
[2026-07-22 18:31:28] [SUCCESS] [1105/2466] Imported en Text +39 [FlameThrower_NPC]
[2026-07-22 18:31:28] [SUCCESS] [1106/2466] Imported en Text +40 [FlameThrower_NPC_Otomo]
[2026-07-22 18:31:28] [SUCCESS] [1107/2466] Imported Flamethrower Fuel [FlamethrowerBullet]
[2026-07-22 18:31:28] [SUCCESS] [1108/2466] Imported en Text +41 [Flint]
[2026-07-22 18:31:29] [SUCCESS] [1109/2466] Imported Flour [Flour]
[2026-07-22 18:31:29] [SUCCESS] [1110/2466] Imported Frag Grenade [FragGrenade]
[2026-07-22 18:31:29] [SUCCESS] [1111/2466] Imported Dark Grenade [FragGrenade_Dark]
[2026-07-22 18:31:29] [SUCCESS] [1112/2466] Imported Dragon Grenade [FragGrenade_Dragon]
[2026-07-22 18:31:29] [SUCCESS] [1113/2466] Imported Shock Grenade [FragGrenade_Elec]
[2026-07-22 18:31:30] [SUCCESS] [1114/2466] Imported Incendiary Grenade [FragGrenade_Fire]
[2026-07-22 18:31:30] [SUCCESS] [1115/2466] Imported Ground Grenade [FragGrenade_Ground]
[2026-07-22 18:31:30] [SUCCESS] [1116/2466] Imported Ice Grenade [FragGrenade_Ice]
[2026-07-22 18:31:30] [SUCCESS] [1117/2466] Imported Grass Grenade [FragGrenade_Leaf]
[2026-07-22 18:31:31] [SUCCESS] [1118/2466] Imported en Text +42 [FragGrenade_NPC]
[2026-07-22 18:31:31] [SUCCESS] [1119/2466] Imported en Text +43 [FragGrenade_NPC_Otomo]
[2026-07-22 18:31:31] [SUCCESS] [1120/2466] Imported Frag Grenade Mk2 [FragGrenade_Super]
[2026-07-22 18:31:31] [SUCCESS] [1121/2466] Imported Water Grenade [FragGrenade_Water]
[2026-07-22 18:31:32] [SUCCESS] [1122/2466] Imported Fried Chikipi [FriedChicken]
[2026-07-22 18:31:32] [SUCCESS] [1123/2466] Imported Fried Egg [FriedEggs]
[2026-07-22 18:31:32] [SUCCESS] [1124/2466] Imported Fried Kelpsea [FriedKelpie]
[2026-07-22 18:31:32] [ERROR] [1125/2466] Failed FriedVegetables: Argument types do not match
[2026-07-22 18:31:32] [SUCCESS] [1126/2466] Imported Stout Fruit [Fruit__defense_01]
[2026-07-22 18:31:33] [SUCCESS] [1127/2466] Imported Power Fruit [Fruit_attack_01]
[2026-07-22 18:31:33] [SUCCESS] [1128/2466] Imported Life Fruit [Fruit_hp_01]
[2026-07-22 18:31:33] [SUCCESS] [1129/2466] Imported Pelt Armor [FurArmor]
[2026-07-22 18:31:33] [SUCCESS] [1130/2466] Imported Pelt Armor +1 [FurArmor_2]
[2026-07-22 18:31:33] [SUCCESS] [1131/2466] Imported Pelt Armor +2 [FurArmor_3]
[2026-07-22 18:31:34] [SUCCESS] [1132/2466] Imported Pelt Armor +3 [FurArmor_4]
[2026-07-22 18:31:34] [SUCCESS] [1133/2466] Imported Pelt Armor +4 [FurArmor_5]
[2026-07-22 18:31:34] [SUCCESS] [1134/2466] Imported Cold Resistant Pelt Armor [FurArmorCold]
[2026-07-22 18:31:34] [SUCCESS] [1135/2466] Imported Cold Resistant Pelt Armor +1 [FurArmorCold_2]
[2026-07-22 18:31:35] [SUCCESS] [1136/2466] Imported Cold Resistant Pelt Armor +2 [FurArmorCold_3]
[2026-07-22 18:31:35] [SUCCESS] [1137/2466] Imported Cold Resistant Pelt Armor +3 [FurArmorCold_4]
[2026-07-22 18:31:35] [SUCCESS] [1138/2466] Imported Cold Resistant Pelt Armor +4 [FurArmorCold_5]
[2026-07-22 18:31:35] [SUCCESS] [1139/2466] Imported Heat Resistant Pelt Armor [FurArmorHeat]
[2026-07-22 18:31:35] [SUCCESS] [1140/2466] Imported Heat Resistant Pelt Armor +1 [FurArmorHeat_2]
[2026-07-22 18:31:36] [SUCCESS] [1141/2466] Imported Heat Resistant Pelt Armor +2 [FurArmorHeat_3]
[2026-07-22 18:31:36] [SUCCESS] [1142/2466] Imported Heat Resistant Pelt Armor +3 [FurArmorHeat_4]
[2026-07-22 18:31:36] [SUCCESS] [1143/2466] Imported Heat Resistant Pelt Armor +4 [FurArmorHeat_5]
[2026-07-22 18:31:36] [SUCCESS] [1144/2466] Imported Feathered Hair Band [FurHelmet]
[2026-07-22 18:31:37] [SUCCESS] [1145/2466] Imported Feathered Hair Band +1 [FurHelmet_2]
[2026-07-22 18:31:37] [SUCCESS] [1146/2466] Imported Feathered Hair Band +2 [FurHelmet_3]
[2026-07-22 18:31:37] [SUCCESS] [1147/2466] Imported Feathered Hair Band +3 [FurHelmet_4]
[2026-07-22 18:31:37] [SUCCESS] [1148/2466] Imported Feathered Hair Band +4 [FurHelmet_5]
[2026-07-22 18:31:37] [SUCCESS] [1149/2466] Imported Corrosive Mist Mask [GasMask]
[2026-07-22 18:31:38] [ERROR] [1150/2466] Failed Gasoline: Argument types do not match
[2026-07-22 18:31:38] [SUCCESS] [1151/2466] Imported Gatling Gun Ammo [GatlingBullet]
[2026-07-22 18:31:38] [SUCCESS] [1152/2466] Imported Gatling Gun [GatlingGun]
[2026-07-22 18:31:38] [SUCCESS] [1153/2466] Imported Gatling Gun +1 [GatlingGun_2]
[2026-07-22 18:31:39] [SUCCESS] [1154/2466] Imported Gatling Gun +2 [GatlingGun_3]
[2026-07-22 18:31:39] [SUCCESS] [1155/2466] Imported Gatling Gun +3 [GatlingGun_4]
[2026-07-22 18:31:39] [SUCCESS] [1156/2466] Imported Gatling Gun +4 [GatlingGun_5]
[2026-07-22 18:31:39] [SUCCESS] [1157/2466] Imported en Text +44 [GatlingGun_NPC]
[2026-07-22 18:31:40] [SUCCESS] [1158/2466] Imported en Text +45 [GatlingGun_NPC_GrassBoss]
[2026-07-22 18:31:40] [SUCCESS] [1159/2466] Imported en Text +46 [GatlingGun_NPC_Otomo]
[2026-07-22 18:31:40] [SUCCESS] [1160/2466] Imported Grilled Lamball [GenghisKhan]
[2026-07-22 18:31:40] [SUCCESS] [1161/2466] Imported Mega Glider [Glider_Good]
[2026-07-22 18:31:41] [SUCCESS] [1162/2466] Imported Hyper Glider [Glider_Legendary]
[2026-07-22 18:31:41] [SUCCESS] [1163/2466] Imported Normal Parachute [Glider_Old]
[2026-07-22 18:31:41] [SUCCESS] [1164/2466] Imported Giga Glider [Glider_Super]
[2026-07-22 18:31:41] [SUCCESS] [1165/2466] Imported Hyper Glider +1 [Glider_Tera]
[2026-07-22 18:31:42] [SUCCESS] [1166/2466] Imported Grape [Grape]
[2026-07-22 18:31:42] [SUCCESS] [1167/2466] Imported Grappling Gun [GrapplingGun]
[2026-07-22 18:31:42] [SUCCESS] [1168/2466] Imported Mega Grappling Gun [GrapplingGun2]
[2026-07-22 18:31:42] [SUCCESS] [1169/2466] Imported Giga Grappling Gun [GrapplingGun3]
[2026-07-22 18:31:43] [SUCCESS] [1170/2466] Imported Hyper Grappling Gun [GrapplingGun4]
[2026-07-22 18:31:43] [SUCCESS] [1171/2466] Imported Ultra Grappling Gun [GrapplingGun5]
[2026-07-22 18:31:43] [SUCCESS] [1172/2466] Imported Gratin [Gratin]
[2026-07-22 18:31:43] [SUCCESS] [1173/2466] Imported Grenade Ammo [GrenadeBullet]
[2026-07-22 18:31:43] [SUCCESS] [1174/2466] Imported Grenade Launcher [GrenadeLauncher]
[2026-07-22 18:31:44] [ERROR] [1175/2466] Failed GrenadeLauncher_2: Argument types do not match
[2026-07-22 18:31:44] [SUCCESS] [1176/2466] Imported Grenade Launcher +2 [GrenadeLauncher_3]
[2026-07-22 18:31:44] [SUCCESS] [1177/2466] Imported Grenade Launcher +3 [GrenadeLauncher_4]
[2026-07-22 18:31:44] [SUCCESS] [1178/2466] Imported Grenade Launcher +4 [GrenadeLauncher_5]
[2026-07-22 18:31:45] [SUCCESS] [1179/2466] Imported en Text +47 [GrenadeLauncher_NPC]
[2026-07-22 18:31:45] [SUCCESS] [1180/2466] Imported en Text +48 [GrenadeLauncher_NPC_Otomo]
[2026-07-22 18:31:45] [SUCCESS] [1181/2466] Imported Grilled Fish [GrilledFish]
[2026-07-22 18:31:45] [SUCCESS] [1182/2466] Imported Grilled Meat [GrilledMeat]
[2026-07-22 18:31:45] [SUCCESS] [1183/2466] Imported Herb Roasted Lamball [GrilledSheepHerbs]
[2026-07-22 18:31:46] [SUCCESS] [1184/2466] Imported Salt-Grilled Skutlass [GrilledSwordCutlassFish]
[2026-07-22 18:31:46] [SUCCESS] [1185/2466] Imported Guided Missile Launcher [GuidedMissileLauncher]
[2026-07-22 18:31:46] [SUCCESS] [1186/2466] Imported Guided Missile Launcher +1 [GuidedMissileLauncher_2]
[2026-07-22 18:31:46] [SUCCESS] [1187/2466] Imported Guided Missile Launcher +2 [GuidedMissileLauncher_3]
[2026-07-22 18:31:47] [SUCCESS] [1188/2466] Imported Guided Missile Launcher +3 [GuidedMissileLauncher_4]
[2026-07-22 18:31:47] [SUCCESS] [1189/2466] Imported Guided Missile Launcher +4 [GuidedMissileLauncher_5]
[2026-07-22 18:31:47] [SUCCESS] [1190/2466] Imported Gunpowder [Gunpowder]
[2026-07-22 18:31:47] [SUCCESS] [1191/2466] Imported Gunpowder +1 [Gunpowder2]
[2026-07-22 18:31:47] [SUCCESS] [1192/2466] Imported Marcus Hat [GYM_Head_Desert]
[2026-07-22 18:31:48] [SUCCESS] [1193/2466] Imported Axel Hat [GYM_Head_Electric]
[2026-07-22 18:31:48] [SUCCESS] [1194/2466] Imported Lily Hat [GYM_Head_Forest]
[2026-07-22 18:31:48] [SUCCESS] [1195/2466] Imported Zoe Hat [GYM_Head_Grass]
[2026-07-22 18:31:48] [SUCCESS] [1196/2466] Imported Saya Hat [GYM_Head_Sakurajima]
[2026-07-22 18:31:49] [SUCCESS] [1197/2466] Imported Victor Hat [GYM_Head_Snow]
[2026-07-22 18:31:49] [SUCCESS] [1198/2466] Imported Bjorn Hat [GYM_Head_Viking]
[2026-07-22 18:31:49] [SUCCESS] [1199/2466] Imported Rushoar Gyoza [Gyoza]
[2026-07-22 18:31:49] [ERROR] [1200/2466] Failed Hamburger: Argument types do not match
[2026-07-22 18:31:49] [SUCCESS] [1201/2466] Imported Mozzarina Hamburger [Hamburger_2]
[2026-07-22 18:31:50] [SUCCESS] [1202/2466] Imported Handgun [HandGun_Default]
[2026-07-22 18:31:50] [SUCCESS] [1203/2466] Imported Handgun +1 [HandGun_Default_2]
[2026-07-22 18:31:50] [SUCCESS] [1204/2466] Imported Handgun +2 [HandGun_Default_3]
[2026-07-22 18:31:50] [SUCCESS] [1205/2466] Imported Handgun +3 [HandGun_Default_4]
[2026-07-22 18:31:51] [SUCCESS] [1206/2466] Imported Handgun +4 [HandGun_Default_5]
[2026-07-22 18:31:51] [SUCCESS] [1207/2466] Imported en Text +49 [Handgun_NPC]
[2026-07-22 18:31:51] [SUCCESS] [1208/2466] Imported en Text +50 [Handgun_NPC_Otomo]
[2026-07-22 18:31:51] [SUCCESS] [1209/2466] Imported Handgun Ammo [HandgunBullet]
[2026-07-22 18:31:51] [SUCCESS] [1210/2466] Imported Ballistic Shield [HandgunShield]
[2026-07-22 18:31:52] [SUCCESS] [1211/2466] Imported Monarch's Crown [Head001]
[2026-07-22 18:31:52] [SUCCESS] [1212/2466] Imported Monarch's Crown +1 [Head001_2]
[2026-07-22 18:31:52] [SUCCESS] [1213/2466] Imported Monarch's Crown +2 [Head001_3]
[2026-07-22 18:31:52] [SUCCESS] [1214/2466] Imported Monarch's Crown +3 [Head001_4]
[2026-07-22 18:31:53] [SUCCESS] [1215/2466] Imported Monarch's Crown +4 [Head001_5]
[2026-07-22 18:31:53] [SUCCESS] [1216/2466] Imported Golden Crown [Head002]
[2026-07-22 18:31:53] [SUCCESS] [1217/2466] Imported Golden Crown +1 [Head002_2]
[2026-07-22 18:31:53] [SUCCESS] [1218/2466] Imported Golden Crown +2 [Head002_3]
[2026-07-22 18:31:53] [SUCCESS] [1219/2466] Imported Golden Crown +3 [Head002_4]
[2026-07-22 18:31:54] [SUCCESS] [1220/2466] Imported Golden Crown +4 [Head002_5]
[2026-07-22 18:31:54] [SUCCESS] [1221/2466] Imported Long-Eared Headband [Head003]
[2026-07-22 18:31:54] [SUCCESS] [1222/2466] Imported Long-Eared Headband +1 [Head003_2]
[2026-07-22 18:31:54] [SUCCESS] [1223/2466] Imported Long-Eared Headband +2 [Head003_3]
[2026-07-22 18:31:55] [SUCCESS] [1224/2466] Imported Long-Eared Headband +3 [Head003_4]
[2026-07-22 18:31:55] [ERROR] [1225/2466] Failed Head003_5: Argument types do not match
[2026-07-22 18:31:55] [SUCCESS] [1226/2466] Imported Witch Hat [Head004]
[2026-07-22 18:31:55] [SUCCESS] [1227/2466] Imported Witch Hat +1 [Head004_2]
[2026-07-22 18:31:56] [SUCCESS] [1228/2466] Imported Witch Hat +2 [Head004_3]
[2026-07-22 18:31:56] [SUCCESS] [1229/2466] Imported Witch Hat +3 [Head004_4]
[2026-07-22 18:31:56] [SUCCESS] [1230/2466] Imported Witch Hat +4 [Head004_5]
[2026-07-22 18:31:56] [SUCCESS] [1231/2466] Imported Soft Hat [Head005]
[2026-07-22 18:31:56] [SUCCESS] [1232/2466] Imported Soft Hat +1 [Head005_2]
[2026-07-22 18:31:57] [SUCCESS] [1233/2466] Imported Soft Hat +2 [Head005_3]
[2026-07-22 18:31:57] [SUCCESS] [1234/2466] Imported Soft Hat +3 [Head005_4]
[2026-07-22 18:31:57] [SUCCESS] [1235/2466] Imported Soft Hat +4 [Head005_5]
[2026-07-22 18:31:57] [SUCCESS] [1236/2466] Imported Helmet [Head006]
[2026-07-22 18:31:57] [SUCCESS] [1237/2466] Imported Helmet +1 [Head006_2]
[2026-07-22 18:31:58] [SUCCESS] [1238/2466] Imported Helmet +2 [Head006_3]
[2026-07-22 18:31:58] [SUCCESS] [1239/2466] Imported Helmet +3 [Head006_4]
[2026-07-22 18:31:58] [SUCCESS] [1240/2466] Imported Helmet +4 [Head006_5]
[2026-07-22 18:31:58] [SUCCESS] [1241/2466] Imported Silk Hat [Head007]
[2026-07-22 18:31:59] [SUCCESS] [1242/2466] Imported Silk Hat +1 [Head007_2]
[2026-07-22 18:31:59] [SUCCESS] [1243/2466] Imported Silk Hat +2 [Head007_3]
[2026-07-22 18:31:59] [SUCCESS] [1244/2466] Imported Silk Hat +3 [Head007_4]
[2026-07-22 18:31:59] [SUCCESS] [1245/2466] Imported Silk Hat +4 [Head007_5]
[2026-07-22 18:31:59] [SUCCESS] [1246/2466] Imported Tricorne [Head008]
[2026-07-22 18:32:00] [SUCCESS] [1247/2466] Imported Tricorne +1 [Head008_2]
[2026-07-22 18:32:00] [SUCCESS] [1248/2466] Imported Tricorne +2 [Head008_3]
[2026-07-22 18:32:00] [SUCCESS] [1249/2466] Imported Tricorne +3 [Head008_4]
[2026-07-22 18:32:00] [ERROR] [1250/2466] Failed Head008_5: Argument types do not match
[2026-07-22 18:32:01] [SUCCESS] [1251/2466] Imported Explorer Cap [Head009]
[2026-07-22 18:32:01] [SUCCESS] [1252/2466] Imported Explorer Cap +1 [Head009_2]
[2026-07-22 18:32:01] [SUCCESS] [1253/2466] Imported Explorer Cap +2 [Head009_3]
[2026-07-22 18:32:01] [SUCCESS] [1254/2466] Imported Explorer Cap +3 [Head009_4]
[2026-07-22 18:32:01] [SUCCESS] [1255/2466] Imported Explorer Cap +4 [Head009_5]
[2026-07-22 18:32:02] [SUCCESS] [1256/2466] Imported Graduation Cap [Head010]
[2026-07-22 18:32:02] [SUCCESS] [1257/2466] Imported Graduation Cap +1 [Head010_2]
[2026-07-22 18:32:02] [SUCCESS] [1258/2466] Imported Graduation Cap +2 [Head010_3]
[2026-07-22 18:32:02] [SUCCESS] [1259/2466] Imported Graduation Cap +3 [Head010_4]
[2026-07-22 18:32:03] [SUCCESS] [1260/2466] Imported Graduation Cap +4 [Head010_5]
[2026-07-22 18:32:03] [SUCCESS] [1261/2466] Imported Farming Hat [Head011]
[2026-07-22 18:32:03] [SUCCESS] [1262/2466] Imported Farming Hat +1 [Head011_2]
[2026-07-22 18:32:03] [SUCCESS] [1263/2466] Imported Farming Hat +2 [Head011_3]
[2026-07-22 18:32:03] [SUCCESS] [1264/2466] Imported Farming Hat +3 [Head011_4]
[2026-07-22 18:32:04] [SUCCESS] [1265/2466] Imported Farming Hat +4 [Head011_5]
[2026-07-22 18:32:04] [SUCCESS] [1266/2466] Imported Bowler Hat [Head012]
[2026-07-22 18:32:04] [SUCCESS] [1267/2466] Imported Bowler Hat +1 [Head012_2]
[2026-07-22 18:32:04] [SUCCESS] [1268/2466] Imported Bowler Hat +2 [Head012_3]
[2026-07-22 18:32:05] [SUCCESS] [1269/2466] Imported Bowler Hat +3 [Head012_4]
[2026-07-22 18:32:05] [SUCCESS] [1270/2466] Imported Bowler Hat +4 [Head012_5]
[2026-07-22 18:32:05] [SUCCESS] [1271/2466] Imported Tocotoco Cap [Head013]
[2026-07-22 18:32:05] [SUCCESS] [1272/2466] Imported Tocotoco Cap +1 [Head013_2]
[2026-07-22 18:32:06] [SUCCESS] [1273/2466] Imported Tocotoco Cap +2 [Head013_3]
[2026-07-22 18:32:06] [SUCCESS] [1274/2466] Imported Tocotoco Cap +3 [Head013_4]
[2026-07-22 18:32:06] [ERROR] [1275/2466] Failed Head013_5: Argument types do not match
[2026-07-22 18:32:06] [SUCCESS] [1276/2466] Imported Grinning Tocotoco Cap [Head014]
[2026-07-22 18:32:06] [SUCCESS] [1277/2466] Imported Grinning Tocotoco Cap +1 [Head014_2]
[2026-07-22 18:32:07] [SUCCESS] [1278/2466] Imported Grinning Tocotoco Cap +2 [Head014_3]
[2026-07-22 18:32:07] [SUCCESS] [1279/2466] Imported Grinning Tocotoco Cap +3 [Head014_4]
[2026-07-22 18:32:07] [SUCCESS] [1280/2466] Imported Grinning Tocotoco Cap +4 [Head014_5]
[2026-07-22 18:32:07] [SUCCESS] [1281/2466] Imported Gumoss Cap [Head015]
[2026-07-22 18:32:08] [SUCCESS] [1282/2466] Imported Gumoss Cap +1 [Head015_2]
[2026-07-22 18:32:08] [SUCCESS] [1283/2466] Imported Gumoss Cap +2 [Head015_3]
[2026-07-22 18:32:08] [SUCCESS] [1284/2466] Imported Gumoss Cap +3 [Head015_4]
[2026-07-22 18:32:08] [SUCCESS] [1285/2466] Imported Gumoss Cap +4 [Head015_5]
[2026-07-22 18:32:08] [SUCCESS] [1286/2466] Imported Penking Cap [Head016]
[2026-07-22 18:32:09] [SUCCESS] [1287/2466] Imported Penking Cap +1 [Head016_2]
[2026-07-22 18:32:09] [SUCCESS] [1288/2466] Imported Penking Cap +2 [Head016_3]
[2026-07-22 18:32:09] [SUCCESS] [1289/2466] Imported Penking Cap +3 [Head016_4]
[2026-07-22 18:32:09] [SUCCESS] [1290/2466] Imported Penking Cap +4 [Head016_5]
[2026-07-22 18:32:10] [SUCCESS] [1291/2466] Imported Katress Cap [Head017]
[2026-07-22 18:32:10] [SUCCESS] [1292/2466] Imported Katress Cap +1 [Head017_2]
[2026-07-22 18:32:10] [SUCCESS] [1293/2466] Imported Katress Cap +2 [Head017_3]
[2026-07-22 18:32:10] [SUCCESS] [1294/2466] Imported Katress Cap +3 [Head017_4]
[2026-07-22 18:32:10] [SUCCESS] [1295/2466] Imported Katress Cap +4 [Head017_5]
[2026-07-22 18:32:11] [SUCCESS] [1296/2466] Imported Witch's Crown [HeadEquip001_purple]
[2026-07-22 18:32:11] [SUCCESS] [1297/2466] Imported Lyleen Accessory [HeadEquip023]
[2026-07-22 18:32:11] [SUCCESS] [1298/2466] Imported Sibelyx Hat [HeadEquip024]
[2026-07-22 18:32:11] [SUCCESS] [1299/2466] Imported Leezpunk Hood [HeadEquip025]
[2026-07-22 18:32:12] [ERROR] [1300/2466] Failed HeadEquip025_2: Argument types do not match
[2026-07-22 18:32:12] [SUCCESS] [1301/2466] Imported Leezpunk Hood +2 [HeadEquip025_3]
[2026-07-22 18:32:12] [SUCCESS] [1302/2466] Imported Leezpunk Hood +3 [HeadEquip025_4]
[2026-07-22 18:32:12] [SUCCESS] [1303/2466] Imported Leezpunk Hood +4 [HeadEquip025_5]
[2026-07-22 18:32:12] [SUCCESS] [1304/2466] Imported Killamari Cap [HeadEquip026]
[2026-07-22 18:32:13] [SUCCESS] [1305/2466] Imported Killamari Cap +1 [HeadEquip026_2]
[2026-07-22 18:32:13] [SUCCESS] [1306/2466] Imported Killamari Cap +2 [HeadEquip026_3]
[2026-07-22 18:32:13] [SUCCESS] [1307/2466] Imported Killamari Cap +3 [HeadEquip026_4]
[2026-07-22 18:32:13] [SUCCESS] [1308/2466] Imported Killamari Cap +4 [HeadEquip026_5]
[2026-07-22 18:32:14] [SUCCESS] [1309/2466] Imported Cawgnito Hat [HeadEquip027]
[2026-07-22 18:32:14] [SUCCESS] [1310/2466] Imported Ribbuny Headband [HeadEquip028]
[2026-07-22 18:32:14] [SUCCESS] [1311/2466] Imported Ribbuny Headband +1 [HeadEquip028_2]
[2026-07-22 18:32:14] [SUCCESS] [1312/2466] Imported Ribbuny Headband +2 [HeadEquip028_3]
[2026-07-22 18:32:14] [SUCCESS] [1313/2466] Imported Ribbuny Headband +3 [HeadEquip028_4]
[2026-07-22 18:32:15] [SUCCESS] [1314/2466] Imported Ribbuny Headband +4 [HeadEquip028_5]
[2026-07-22 18:32:15] [SUCCESS] [1315/2466] Imported Lamball Helm [HeadEquip029]
[2026-07-22 18:32:15] [SUCCESS] [1316/2466] Imported Dumud Helm [HeadEquip030]
[2026-07-22 18:32:15] [SUCCESS] [1317/2466] Imported Swee Cap [HeadEquip031]
[2026-07-22 18:32:16] [SUCCESS] [1318/2466] Imported Swee Cap +1 [HeadEquip031_2]
[2026-07-22 18:32:16] [SUCCESS] [1319/2466] Imported Swee Cap +2 [HeadEquip031_3]
[2026-07-22 18:32:16] [SUCCESS] [1320/2466] Imported Swee Cap +3 [HeadEquip031_4]
[2026-07-22 18:32:16] [SUCCESS] [1321/2466] Imported Swee Cap +4 [HeadEquip031_5]
[2026-07-22 18:32:16] [SUCCESS] [1322/2466] Imported Dazzi Hat [HeadEquip032]
[2026-07-22 18:32:17] [SUCCESS] [1323/2466] Imported Dazzi Hat +1 [HeadEquip032_2]
[2026-07-22 18:32:17] [SUCCESS] [1324/2466] Imported Dazzi Hat +2 [HeadEquip032_3]
[2026-07-22 18:32:17] [ERROR] [1325/2466] Failed HeadEquip032_4: Argument types do not match
[2026-07-22 18:32:17] [SUCCESS] [1326/2466] Imported Dazzi Hat +4 [HeadEquip032_5]
[2026-07-22 18:32:18] [SUCCESS] [1327/2466] Imported Cattiva Hat [HeadEquip033]
[2026-07-22 18:32:18] [SUCCESS] [1328/2466] Imported Horns of Supremacy [HeadEquip041]
[2026-07-22 18:32:18] [SUCCESS] [1329/2466] Imported Xenolord's head [HeadEquip044]
[2026-07-22 18:32:18] [SUCCESS] [1330/2466] Imported Depresso Helmet [HeadEquip045]
[2026-07-22 18:32:18] [SUCCESS] [1331/2466] Imported Crown of Salvation [HeadEquip046]
[2026-07-22 18:32:19] [SUCCESS] [1332/2466] Imported Auri Hat [HeadEquip048]
[2026-07-22 18:32:19] [SUCCESS] [1333/2466] Imported Zenara Hat [HeadEquip049]
[2026-07-22 18:32:19] [SUCCESS] [1334/2466] Imported Herbil Headband [HeadEquip050]
[2026-07-22 18:32:19] [SUCCESS] [1335/2466] Imported Kingpaca Headband [HeadEquip051]
[2026-07-22 18:32:20] [SUCCESS] [1336/2466] Imported Gloopie Hat [HeadEquip052]
[2026-07-22 18:32:20] [SUCCESS] [1337/2466] Imported Jelliette Hat [HeadEquip053]
[2026-07-22 18:32:20] [SUCCESS] [1338/2466] Imported Turtacle Cap [HeadEquip054]
[2026-07-22 18:32:20] [SUCCESS] [1339/2466] Imported Croajiro Cap [HeadEquip055]
[2026-07-22 18:32:20] [SUCCESS] [1340/2466] Imported Chikipi Cap [HeadEquip056]
[2026-07-22 18:32:21] [SUCCESS] [1341/2466] Imported Dandilord Hat [HeadEquip057]
[2026-07-22 18:32:21] [SUCCESS] [1342/2466] Imported Shroomer Hat [HeadEquip058]
[2026-07-22 18:32:21] [SUCCESS] [1343/2466] Imported Ghangler Accessory [HeadEquip059]
[2026-07-22 18:32:21] [SUCCESS] [1344/2466] Imported Icelyn Hat [HeadEquip060]
[2026-07-22 18:32:22] [SUCCESS] [1345/2466] Imported Splatterina Hat [HeadEquip061]
[2026-07-22 18:32:22] [SUCCESS] [1346/2466] Imported Tarantriss Hat [HeadEquip062]
[2026-07-22 18:32:22] [SUCCESS] [1347/2466] Imported Low Grade Medical Supplies [Herbs]
[2026-07-22 18:32:22] [SUCCESS] [1348/2466] Imported High Quality Wooden Board [HighGrade_Processed_Wood]
[2026-07-22 18:32:22] [SUCCESS] [1349/2466] Imported Homeward Thundercloud [Homeward]
[2026-07-22 18:32:23] [ERROR] [1350/2466] Failed HomingSphereLauncher: Argument types do not match
[2026-07-22 18:32:23] [SUCCESS] [1351/2466] Imported Honey [Honey]
[2026-07-22 18:32:23] [SUCCESS] [1352/2466] Imported Hop [Hop]
[2026-07-22 18:32:23] [SUCCESS] [1353/2466] Imported Horn [Horn]
[2026-07-22 18:32:24] [SUCCESS] [1354/2466] Imported Hot Dog [HotDog]
[2026-07-22 18:32:24] [SUCCESS] [1355/2466] Imported Rushoar Hot Dog [HotDog_2]
[2026-07-22 18:32:24] [SUCCESS] [1356/2466] Imported Hot Milk [HotMilk]
[2026-07-22 18:32:24] [SUCCESS] [1357/2466] Imported Ice Organ [IceOrgan]
[2026-07-22 18:32:24] [SUCCESS] [1358/2466] Imported Decal Ink [InkBullet]
[2026-07-22 18:32:25] [SUCCESS] [1359/2466] Imported Refined Metal Armor [IronArmor]
[2026-07-22 18:32:25] [SUCCESS] [1360/2466] Imported Refined Metal Armor +1 [IronArmor_2]
[2026-07-22 18:32:25] [SUCCESS] [1361/2466] Imported Refined Metal Armor +2 [IronArmor_3]
[2026-07-22 18:32:25] [SUCCESS] [1362/2466] Imported Refined Metal Armor +3 [IronArmor_4]
[2026-07-22 18:32:26] [SUCCESS] [1363/2466] Imported Refined Metal Armor +4 [IronArmor_5]
[2026-07-22 18:32:26] [SUCCESS] [1364/2466] Imported Cold Resistant Refined Metal Armor [IronArmorCold]
[2026-07-22 18:32:26] [SUCCESS] [1365/2466] Imported Cold Resistant Refined Metal Armor +1 [IronArmorCold_2]
[2026-07-22 18:32:26] [SUCCESS] [1366/2466] Imported Cold Resistant Refined Metal Armor +2 [IronArmorCold_3]
[2026-07-22 18:32:26] [SUCCESS] [1367/2466] Imported Cold Resistant Refined Metal Armor +3 [IronArmorCold_4]
[2026-07-22 18:32:27] [SUCCESS] [1368/2466] Imported Cold Resistant Refined Metal Armor +4 [IronArmorCold_5]
[2026-07-22 18:32:27] [SUCCESS] [1369/2466] Imported Heat Resistant Refined Metal Armor [IronArmorHeat]
[2026-07-22 18:32:27] [SUCCESS] [1370/2466] Imported Heat Resistant Refined Metal Armor +1 [IronArmorHeat_2]
[2026-07-22 18:32:27] [SUCCESS] [1371/2466] Imported Heat Resistant Refined Metal Armor +2 [IronArmorHeat_3]
[2026-07-22 18:32:28] [SUCCESS] [1372/2466] Imported Heat Resistant Refined Metal Armor +3 [IronArmorHeat_4]
[2026-07-22 18:32:28] [SUCCESS] [1373/2466] Imported Heat Resistant Refined Metal Armor +4 [IronArmorHeat_5]
[2026-07-22 18:32:28] [SUCCESS] [1374/2466] Imported Refined Metal Helm [IronHelmet]
[2026-07-22 18:32:28] [ERROR] [1375/2466] Failed IronHelmet_2: Argument types do not match
[2026-07-22 18:32:28] [SUCCESS] [1376/2466] Imported Refined Metal Helm +2 [IronHelmet_3]
[2026-07-22 18:32:29] [SUCCESS] [1377/2466] Imported Refined Metal Helm +3 [IronHelmet_4]
[2026-07-22 18:32:29] [SUCCESS] [1378/2466] Imported Refined Metal Helm +4 [IronHelmet_5]
[2026-07-22 18:32:29] [SUCCESS] [1379/2466] Imported Refined Ingot [IronIngot]
[2026-07-22 18:32:29] [SUCCESS] [1380/2466] Imported en Text +51 [IronOre]
[2026-07-22 18:32:30] [SUCCESS] [1381/2466] Imported Jam-Filled Bun [JamBun]
[2026-07-22 18:32:30] [SUCCESS] [1382/2466] Imported Jelliette's Jiggly Jelly [JellyfishFairy_jelly]
[2026-07-22 18:32:30] [SUCCESS] [1383/2466] Imported Jellroy's Jolly Jelly [JellyfishGhost_jelly]
[2026-07-22 18:32:30] [SUCCESS] [1384/2466] Imported Katana [Katana]
[2026-07-22 18:32:31] [SUCCESS] [1385/2466] Imported Katana +1 [Katana_2]
[2026-07-22 18:32:31] [SUCCESS] [1386/2466] Imported Katana +2 [Katana_3]
[2026-07-22 18:32:31] [SUCCESS] [1387/2466] Imported Katana +3 [Katana_4]
[2026-07-22 18:32:31] [SUCCESS] [1388/2466] Imported Katana +4 [Katana_5]
[2026-07-22 18:32:31] [SUCCESS] [1389/2466] Imported en Text +52 [Katana_NPC]
[2026-07-22 18:32:32] [SUCCESS] [1390/2466] Imported en Text +53 [Katana_NPC_Otomo]
[2026-07-22 18:32:32] [SUCCESS] [1391/2466] Imported Key Sphere of Envy [KeySphere_01]
[2026-07-22 18:32:32] [SUCCESS] [1392/2466] Imported Key Sphere of Pride [KeySphere_02]
[2026-07-22 18:32:32] [SUCCESS] [1393/2466] Imported Key Sphere of Greed [KeySphere_03]
[2026-07-22 18:32:33] [SUCCESS] [1394/2466] Imported Key Sphere of Sloth [KeySphere_04]
[2026-07-22 18:32:33] [SUCCESS] [1395/2466] Imported Key Sphere of Gluttony [KeySphere_05]
[2026-07-22 18:32:33] [SUCCESS] [1396/2466] Imported Key Sphere of Lust [KeySphere_06]
[2026-07-22 18:32:33] [SUCCESS] [1397/2466] Imported Key Sphere of Wrath [KeySphere_07]
[2026-07-22 18:32:33] [SUCCESS] [1398/2466] Imported Key Sphere of Original Sin [KeySphere_08]
[2026-07-22 18:32:34] [SUCCESS] [1399/2466] Imported en Text +54 [Kitsunebi_Fire]
[2026-07-22 18:32:34] [ERROR] [1400/2466] Failed Lantern: Argument types do not match
[2026-07-22 18:32:34] [SUCCESS] [1401/2466] Imported Enhanced Hip Lantern [Lantern_High]
[2026-07-22 18:32:34] [SUCCESS] [1402/2466] Imported en Text +55 [LargeBullet]
[2026-07-22 18:32:35] [SUCCESS] [1403/2466] Imported Energy Cartridge [LaserBullet]
[2026-07-22 18:32:35] [SUCCESS] [1404/2466] Imported Laser Gatling Cartridge [LaserGatlingBullet]
[2026-07-22 18:32:35] [SUCCESS] [1405/2466] Imported Laser Gatling Gun [LaserGatlingGun]
[2026-07-22 18:32:35] [SUCCESS] [1406/2466] Imported Laser Gatling Gun +1 [LaserGatlingGun_2]
[2026-07-22 18:32:35] [SUCCESS] [1407/2466] Imported Laser Gatling Gun +2 [LaserGatlingGun_3]
[2026-07-22 18:32:36] [SUCCESS] [1408/2466] Imported Laser Gatling Gun +3 [LaserGatlingGun_4]
[2026-07-22 18:32:36] [SUCCESS] [1409/2466] Imported Laser Gatling Gun +4 [LaserGatlingGun_5]
[2026-07-22 18:32:36] [SUCCESS] [1410/2466] Imported Plasma Multicutter [LaserMiningTool]
[2026-07-22 18:32:36] [SUCCESS] [1411/2466] Imported Laser Rifle [LaserRifle]
[2026-07-22 18:32:37] [SUCCESS] [1412/2466] Imported Laser Rifle +1 [LaserRifle_2]
[2026-07-22 18:32:37] [SUCCESS] [1413/2466] Imported Laser Rifle +2 [LaserRifle_3]
[2026-07-22 18:32:37] [SUCCESS] [1414/2466] Imported Laser Rifle +3 [LaserRifle_4]
[2026-07-22 18:32:37] [SUCCESS] [1415/2466] Imported Laser Rifle +4 [LaserRifle_5]
[2026-07-22 18:32:37] [SUCCESS] [1416/2466] Imported en Text +56 [LaserRifle_NPC]
[2026-07-22 18:32:38] [SUCCESS] [1417/2466] Imported en Text +57 [LaserRifle_NPC_Otomo]
[2026-07-22 18:32:38] [SUCCESS] [1418/2466] Imported Rocket Launcher [Launcher_Default]
[2026-07-22 18:32:38] [SUCCESS] [1419/2466] Imported Rocket Launcher +1 [Launcher_Default_2]
[2026-07-22 18:32:38] [SUCCESS] [1420/2466] Imported Rocket Launcher +2 [Launcher_Default_3]
[2026-07-22 18:32:38] [SUCCESS] [1421/2466] Imported Rocket Launcher +3 [Launcher_Default_4]
[2026-07-22 18:32:39] [SUCCESS] [1422/2466] Imported Rocket Launcher +4 [Launcher_Default_5]
[2026-07-22 18:32:39] [SUCCESS] [1423/2466] Imported en Text +58 [Launcher_Meat]
[2026-07-22 18:32:39] [SUCCESS] [1424/2466] Imported Meteor Launcher [Launcher_Meteor]
[2026-07-22 18:32:39] [ERROR] [1425/2466] Failed Launcher_Meteor_5: Argument types do not match
[2026-07-22 18:32:40] [SUCCESS] [1426/2466] Imported Ancient Lava [Lava_Ancient]
[2026-07-22 18:32:40] [SUCCESS] [1427/2466] Imported Leather [Leather]
[2026-07-22 18:32:40] [SUCCESS] [1428/2466] Imported en Text +59 [Leather2]
[2026-07-22 18:32:40] [SUCCESS] [1429/2466] Imported Lettuce [Lettuce]
[2026-07-22 18:32:41] [SUCCESS] [1430/2466] Imported Lettuce Seeds [LettuceSeeds]
[2026-07-22 18:32:41] [SUCCESS] [1431/2466] Imported Lightz Helmet [LightzHelmet]
[2026-07-22 18:32:41] [SUCCESS] [1432/2466] Imported Power Lotus (S) [Lotus_attack_01]
[2026-07-22 18:32:41] [SUCCESS] [1433/2466] Imported Power Lotus (L) [Lotus_attack_02]
[2026-07-22 18:32:41] [SUCCESS] [1434/2466] Imported Life Lotus (S) [Lotus_hp_01]
[2026-07-22 18:32:42] [SUCCESS] [1435/2466] Imported Life Lotus (L) [Lotus_hp_02]
[2026-07-22 18:32:42] [SUCCESS] [1436/2466] Imported Stamina Lotus (S) [Lotus_stamina_01]
[2026-07-22 18:32:42] [SUCCESS] [1437/2466] Imported Stamina Lotus (L) [Lotus_stamina_02]
[2026-07-22 18:32:42] [SUCCESS] [1438/2466] Imported Carrying Lotus (S) [Lotus_weight_01]
[2026-07-22 18:32:43] [SUCCESS] [1439/2466] Imported Carrying Lotus (L) [Lotus_weight_02]
[2026-07-22 18:32:43] [SUCCESS] [1440/2466] Imported Speed Lotus (S) [Lotus_workspeed_01]
[2026-07-22 18:32:43] [SUCCESS] [1441/2466] Imported Speed Lotus (L) [Lotus_workspeed_02]
[2026-07-22 18:32:43] [SUCCESS] [1442/2466] Imported High Grade Medical Supplies [LuxuryMedicines]
[2026-07-22 18:32:43] [SUCCESS] [1443/2466] Imported LuxuryOmelette [LuxuryOmelette]
[2026-07-22 18:32:44] [SUCCESS] [1444/2466] Imported Training Crystal [LvUP_01]
[2026-07-22 18:32:44] [SUCCESS] [1445/2466] Imported Nail [MachineParts]
[2026-07-22 18:32:44] [SUCCESS] [1446/2466] Imported Circuit Board [MachineParts2]
[2026-07-22 18:32:44] [SUCCESS] [1447/2466] Imported Machine Gun Ammo [MachingunBullet]
[2026-07-22 18:32:44] [SUCCESS] [1448/2466] Imported Magnum Ammo [MagnumBullet]
[2026-07-22 18:32:45] [SUCCESS] [1449/2466] Imported Makeshift Assault Rifle [MakeshiftAssaultRifle]
[2026-07-22 18:32:45] [ERROR] [1450/2466] Failed MakeshiftAssaultRifle_2: Argument types do not match
[2026-07-22 18:32:45] [SUCCESS] [1451/2466] Imported Makeshift Assault Rifle +2 [MakeshiftAssaultRifle_3]
[2026-07-22 18:32:45] [SUCCESS] [1452/2466] Imported Makeshift Assault Rifle +3 [MakeshiftAssaultRifle_4]
[2026-07-22 18:32:46] [SUCCESS] [1453/2466] Imported Makeshift Assault Rifle +4 [MakeshiftAssaultRifle_5]
[2026-07-22 18:32:46] [SUCCESS] [1454/2466] Imported Makeshift Handgun [MakeshiftHandgun]
[2026-07-22 18:32:46] [SUCCESS] [1455/2466] Imported Makeshift Handgun +1 [MakeshiftHandgun_2]
[2026-07-22 18:32:46] [SUCCESS] [1456/2466] Imported Makeshift Handgun +2 [MakeshiftHandgun_3]
[2026-07-22 18:32:46] [SUCCESS] [1457/2466] Imported Makeshift Handgun +3 [MakeshiftHandgun_4]
[2026-07-22 18:32:47] [SUCCESS] [1458/2466] Imported Makeshift Handgun +4 [MakeshiftHandgun_5]
[2026-07-22 18:32:47] [SUCCESS] [1459/2466] Imported Makeshift Shotgun [MakeshiftShotgun]
[2026-07-22 18:32:47] [SUCCESS] [1460/2466] Imported Makeshift Shotgun +1 [MakeshiftShotgun_2]
[2026-07-22 18:32:47] [SUCCESS] [1461/2466] Imported Makeshift Shotgun +2 [MakeshiftShotgun_3]
[2026-07-22 18:32:48] [SUCCESS] [1462/2466] Imported Makeshift Shotgun +3 [MakeshiftShotgun_4]
[2026-07-22 18:32:48] [SUCCESS] [1463/2466] Imported Makeshift Shotgun +4 [MakeshiftShotgun_5]
[2026-07-22 18:32:48] [SUCCESS] [1464/2466] Imported Makeshift SMG [MakeshiftSubmachineGun]
[2026-07-22 18:32:48] [SUCCESS] [1465/2466] Imported Makeshift SMG +1 [MakeshiftSubmachineGun_2]
[2026-07-22 18:32:49] [SUCCESS] [1466/2466] Imported Makeshift SMG +2 [MakeshiftSubmachineGun_3]
[2026-07-22 18:32:49] [SUCCESS] [1467/2466] Imported Makeshift SMG +3 [MakeshiftSubmachineGun_4]
[2026-07-22 18:32:49] [SUCCESS] [1468/2466] Imported Makeshift SMG +4 [MakeshiftSubmachineGun_5]
[2026-07-22 18:32:50] [SUCCESS] [1469/2466] Imported Coralum Ingot [ManganeseIngot]
[2026-07-22 18:32:50] [SUCCESS] [1470/2466] Imported Coralum Ore [ManganeseOre]
[2026-07-22 18:32:50] [SUCCESS] [1471/2466] Imported Marinated Mushrooms [MarinatedMushrooms]
[2026-07-22 18:32:51] [SUCCESS] [1472/2466] Imported en Text +60 [MateItem01]
[2026-07-22 18:32:51] [SUCCESS] [1473/2466] Imported Scrapped Tissue Sample [MeaninglessItem_ButcheringImportPal]
[2026-07-22 18:32:51] [SUCCESS] [1474/2466] Imported Raw Meat [Meat]
[2026-07-22 18:32:51] [ERROR] [1475/2466] Failed Meat_BerryGoat: Argument types do not match
[2026-07-22 18:32:52] [SUCCESS] [1476/2466] Imported Rushoar Pork [Meat_Boar]
[2026-07-22 18:32:52] [SUCCESS] [1477/2466] Imported Chikipi Poultry [Meat_ChickenPal]
[2026-07-22 18:32:52] [SUCCESS] [1478/2466] Imported Mozzarina Meat [Meat_CowPal]
[2026-07-22 18:32:52] [SUCCESS] [1479/2466] Imported Eikthyrdeer Venison [Meat_Deer]
[2026-07-22 18:32:53] [SUCCESS] [1480/2466] Imported Galeclaw Poultry [Meat_Eagle]
[2026-07-22 18:32:53] [SUCCESS] [1481/2466] Imported Mammorest Meat [Meat_GrassMammoth]
[2026-07-22 18:32:53] [SUCCESS] [1482/2466] Imported Munchill Meat [Meat_IceCrocodile]
[2026-07-22 18:32:54] [SUCCESS] [1483/2466] Imported Reindrix Venison [Meat_IceDeer]
[2026-07-22 18:32:54] [SUCCESS] [1484/2466] Imported Jelliette Bell Flesh [Meat_JellyfishFairy]
[2026-07-22 18:32:54] [SUCCESS] [1485/2466] Imported Jellroy Bell Flesh [Meat_JellyfishGhost]
[2026-07-22 18:32:55] [SUCCESS] [1486/2466] Imported Raw Kelpsea [Meat_Kelpie]
[2026-07-22 18:32:55] [SUCCESS] [1487/2466] Imported Raw Dumud [Meat_LazyCatfish]
[2026-07-22 18:32:55] [SUCCESS] [1488/2466] Imported Gloopie Tentacle [Meat_OctopusGirl]
[2026-07-22 18:32:55] [SUCCESS] [1489/2466] Imported Broncherry Meat [Meat_SakuraSaurus]
[2026-07-22 18:32:56] [SUCCESS] [1490/2466] Imported Lamball Mutton [Meat_SheepBall]
[2026-07-22 18:32:56] [SUCCESS] [1491/2466] Imported Skutlass Sashimi [Meat_SwordCutlassFish]
[2026-07-22 18:32:56] [SUCCESS] [1492/2466] Imported en Text +61 [Meat2]
[2026-07-22 18:32:56] [SUCCESS] [1493/2466] Imported Galeclaw Nikujaga [MeatAndPotatoes]
[2026-07-22 18:32:56] [SUCCESS] [1494/2466] Imported Meat Cleaver [MeatCutterKnife]
[2026-07-22 18:32:57] [SUCCESS] [1495/2466] Imported Bolognese Sauce [MeatSauce]
[2026-07-22 18:32:57] [SUCCESS] [1496/2466] Imported Medical Supplies [Medicines]
[2026-07-22 18:32:57] [SUCCESS] [1497/2466] Imported Metal Detector [MetalDetector]
[2026-07-22 18:32:57] [SUCCESS] [1498/2466] Imported Meteorite Ammo [MeteorBullet]
[2026-07-22 18:32:58] [SUCCESS] [1499/2466] Imported Meteorite Fragment [MeteorDrop]
[2026-07-22 18:32:58] [ERROR] [1500/2466] Failed Milk: Argument types do not match
[2026-07-22 18:32:58] [SUCCESS] [1501/2466] Imported Mind Control Meds [MindControlDrug]
[2026-07-22 18:32:58] [SUCCESS] [1502/2466] Imported Minestrone [Minestrone]
[2026-07-22 18:32:58] [SUCCESS] [1503/2466] Imported Missile Ammo [MissileBullet]
[2026-07-22 18:32:59] [SUCCESS] [1504/2466] Imported en Text +62 [MissileLauncher_NPC]
[2026-07-22 18:32:59] [SUCCESS] [1505/2466] Imported en Text +63 [MissileLauncher_NPC_Otomo]
[2026-07-22 18:32:59] [SUCCESS] [1506/2466] Imported Gold Coin [Money]
[2026-07-22 18:32:59] [SUCCESS] [1507/2466] Imported en Text +64 [MonsterEquipWeapon_Dummy]
[2026-07-22 18:33:00] [SUCCESS] [1508/2466] Imported Multi Guided Missile Launcher [MultiGuidedMissileLauncher]
[2026-07-22 18:33:00] [SUCCESS] [1509/2466] Imported Multi Guided Missile Launcher +1 [MultiGuidedMissileLauncher_2]
[2026-07-22 18:33:00] [SUCCESS] [1510/2466] Imported Multi Guided Missile Launcher +2 [MultiGuidedMissileLauncher_3]
[2026-07-22 18:33:00] [SUCCESS] [1511/2466] Imported Multi Guided Missile Launcher +3 [MultiGuidedMissileLauncher_4]
[2026-07-22 18:33:00] [SUCCESS] [1512/2466] Imported Multi Guided Missile Launcher +4 [MultiGuidedMissileLauncher_5]
[2026-07-22 18:33:01] [SUCCESS] [1513/2466] Imported Mushroom [Mushroom]
[2026-07-22 18:33:01] [SUCCESS] [1514/2466] Imported Mysterious Mushroom Juice [MushroomJuice]
[2026-07-22 18:33:01] [SUCCESS] [1515/2466] Imported Mushroom Soup [MushroomSoup]
[2026-07-22 18:33:01] [SUCCESS] [1516/2466] Imported Mushroom Stew [MushroomStew]
[2026-07-22 18:33:02] [SUCCESS] [1517/2466] Imported Musket [Musket]
[2026-07-22 18:33:02] [SUCCESS] [1518/2466] Imported Musket +1 [Musket_2]
[2026-07-22 18:33:02] [SUCCESS] [1519/2466] Imported Musket +2 [Musket_3]
[2026-07-22 18:33:02] [SUCCESS] [1520/2466] Imported Musket +3 [Musket_4]
[2026-07-22 18:33:02] [SUCCESS] [1521/2466] Imported Musket +4 [Musket_5]
[2026-07-22 18:33:03] [SUCCESS] [1522/2466] Imported Strange Juice [Narcotic]
[2026-07-22 18:33:03] [SUCCESS] [1523/2466] Imported Nightstar Sand [NightStone]
[2026-07-22 18:33:03] [SUCCESS] [1524/2466] Imported Night Vision Goggles [NightVisionGoggles]
[2026-07-22 18:33:03] [ERROR] [1525/2466] Failed Octavia001_Armor: Argument types do not match
[2026-07-22 18:33:03] [SUCCESS] [1526/2466] Imported V1 Armor +4 [Octavia001_Armor_5]
[2026-07-22 18:33:04] [SUCCESS] [1527/2466] Imported V2 Armor [Octavia002_Armor]
[2026-07-22 18:33:04] [SUCCESS] [1528/2466] Imported V2 Armor +4 [Octavia002_Armor_5]
[2026-07-22 18:33:04] [SUCCESS] [1529/2466] Imported Marksman Revolver [OctaviaRevolver]
[2026-07-22 18:33:04] [SUCCESS] [1530/2466] Imported Marksman Revolver +1 [OctaviaRevolver_2]
[2026-07-22 18:33:05] [SUCCESS] [1531/2466] Imported Marksman Revolver +2 [OctaviaRevolver_3]
[2026-07-22 18:33:05] [SUCCESS] [1532/2466] Imported Marksman Revolver +3 [OctaviaRevolver_4]
[2026-07-22 18:33:05] [SUCCESS] [1533/2466] Imported Marksman Revolver +4 [OctaviaRevolver_5]
[2026-07-22 18:33:05] [SUCCESS] [1534/2466] Imported Core Eject Shotgun [OctaviaShotgun]
[2026-07-22 18:33:05] [SUCCESS] [1535/2466] Imported Core Eject Shotgun +1 [OctaviaShotgun_2]
[2026-07-22 18:33:06] [SUCCESS] [1536/2466] Imported Core Eject Shotgun +2 [OctaviaShotgun_3]
[2026-07-22 18:33:06] [SUCCESS] [1537/2466] Imported Core Eject Shotgun +3 [OctaviaShotgun_4]
[2026-07-22 18:33:06] [SUCCESS] [1538/2466] Imported Core Eject Shotgun +4 [OctaviaShotgun_5]
[2026-07-22 18:33:06] [SUCCESS] [1539/2466] Imported Fried Gloopie Balls [OctopusGirl_Takoyaki]
[2026-07-22 18:33:07] [SUCCESS] [1540/2466] Imported Seafood Pasta [OctopusGirl_Takoyaki2]
[2026-07-22 18:33:07] [SUCCESS] [1541/2466] Imported Old Revolver [OldRevolver]
[2026-07-22 18:33:07] [SUCCESS] [1542/2466] Imported Old Revolver +1 [OldRevolver_2]
[2026-07-22 18:33:07] [SUCCESS] [1543/2466] Imported Old Revolver +2 [OldRevolver_3]
[2026-07-22 18:33:07] [SUCCESS] [1544/2466] Imported Old Revolver +3 [OldRevolver_4]
[2026-07-22 18:33:08] [SUCCESS] [1545/2466] Imported Old Revolver +4 [OldRevolver_5]
[2026-07-22 18:33:08] [SUCCESS] [1546/2466] Imported Omelet [Omelet]
[2026-07-22 18:33:08] [SUCCESS] [1547/2466] Imported Onion [Onion]
[2026-07-22 18:33:08] [SUCCESS] [1548/2466] Imported Onion Seeds [OnionSeeds]
[2026-07-22 18:33:09] [SUCCESS] [1549/2466] Imported Suspicious Juice [Opium]
[2026-07-22 18:33:09] [ERROR] [1550/2466] Failed Otomo_ATDark_ElementBoost_1: Argument types do not match
[2026-07-22 18:33:09] [SUCCESS] [1551/2466] Imported Divine Dragon's Baton [Otomo_ATDragon_ElementBoost_1]
[2026-07-22 18:33:09] [SUCCESS] [1552/2466] Imported Earth Emperor's Baton [Otomo_ATEarth_ElementBoost_1]
[2026-07-22 18:33:09] [SUCCESS] [1553/2466] Imported Lord of Lightning's Baton [Otomo_ATElectricity_ElementBoost_1]
[2026-07-22 18:33:10] [SUCCESS] [1554/2466] Imported Flame Emperor's Baton [Otomo_ATFire_ElementBoost_1]
[2026-07-22 18:33:10] [SUCCESS] [1555/2466] Imported Ice Emperor's Baton [Otomo_ATIce_ElementBoost_1]
[2026-07-22 18:33:10] [SUCCESS] [1556/2466] Imported Spirit Emperor's Baton [Otomo_ATLeaf_ElementBoost_1]
[2026-07-22 18:33:10] [SUCCESS] [1557/2466] Imported Celestial Emperor's Baton [Otomo_ATNormal_ElementBoost_1]
[2026-07-22 18:33:11] [SUCCESS] [1558/2466] Imported Attack Support Whistle [Otomo_Attack_up1]
[2026-07-22 18:33:11] [SUCCESS] [1559/2466] Imported Attack Support Whistle +1 [Otomo_Attack_up2]
[2026-07-22 18:33:11] [SUCCESS] [1560/2466] Imported Attack Support Whistle +2 [Otomo_Attack_up3]
[2026-07-22 18:33:11] [SUCCESS] [1561/2466] Imported Lord of the Sea's Baton [Otomo_ATWater_ElementBoost_1]
[2026-07-22 18:33:11] [SUCCESS] [1562/2466] Imported Defense Support Whistle [Otomo_Defense_up1]
[2026-07-22 18:33:12] [SUCCESS] [1563/2466] Imported Defense Support Whistle +1 [Otomo_Defense_up2]
[2026-07-22 18:33:12] [SUCCESS] [1564/2466] Imported Defense Support Whistle +2 [Otomo_Defense_up3]
[2026-07-22 18:33:12] [SUCCESS] [1565/2466] Imported Lyleen Noct's Talisman [Otomo_DFDark_ElementBoost_1]
[2026-07-22 18:33:12] [SUCCESS] [1566/2466] Imported Jetragon's Talisman [Otomo_DFDragon_ElementBoost_1]
[2026-07-22 18:33:13] [SUCCESS] [1567/2466] Imported Anubis's Talisman [Otomo_DFEarth_ElementBoost_1]
[2026-07-22 18:33:13] [SUCCESS] [1568/2466] Imported Orserk's Talisman [Otomo_DFElectricity_ElementBoost_1]
[2026-07-22 18:33:13] [SUCCESS] [1569/2466] Imported Blazamut's Talisman [Otomo_DFFire_ElementBoost_1]
[2026-07-22 18:33:13] [SUCCESS] [1570/2466] Imported Frostallion's Talisman [Otomo_DFIce_ElementBoost_1]
[2026-07-22 18:33:13] [SUCCESS] [1571/2466] Imported Lyleen's Talisman [Otomo_DFLeaf_ElementBoost_1]
[2026-07-22 18:33:14] [SUCCESS] [1572/2466] Imported Hartalis's Talisman [Otomo_DFNormal_ElementBoost_1]
[2026-07-22 18:33:14] [SUCCESS] [1573/2466] Imported Neptilius's Talisman [Otomo_DFWater_ElementBoost_1]
[2026-07-22 18:33:14] [SUCCESS] [1574/2466] Imported Dark Support Whistle [Otomo_ElementBoost_Dark_1]
[2026-07-22 18:33:14] [ERROR] [1575/2466] Failed Otomo_ElementBoost_Dark_2: Argument types do not match
[2026-07-22 18:33:15] [SUCCESS] [1576/2466] Imported Dark Support Whistle +2 [Otomo_ElementBoost_Dark_3]
[2026-07-22 18:33:15] [SUCCESS] [1577/2466] Imported Dragon Support Whistle [Otomo_ElementBoost_Dragon_1]
[2026-07-22 18:33:15] [SUCCESS] [1578/2466] Imported Dragon Support Whistle +1 [Otomo_ElementBoost_Dragon_2]
[2026-07-22 18:33:15] [SUCCESS] [1579/2466] Imported Dragon Support Whistle +2 [Otomo_ElementBoost_Dragon_3]
[2026-07-22 18:33:15] [SUCCESS] [1580/2466] Imported Ground Support Whistle [Otomo_ElementBoost_Earth_1]
[2026-07-22 18:33:16] [SUCCESS] [1581/2466] Imported Ground Support Whistle +1 [Otomo_ElementBoost_Earth_2]
[2026-07-22 18:33:16] [SUCCESS] [1582/2466] Imported Ground Support Whistle +2 [Otomo_ElementBoost_Earth_3]
[2026-07-22 18:33:16] [SUCCESS] [1583/2466] Imported Electric Support Whistle [Otomo_ElementBoost_Electricity_1]
[2026-07-22 18:33:16] [SUCCESS] [1584/2466] Imported Electric Support Whistle +1 [Otomo_ElementBoost_Electricity_2]
[2026-07-22 18:33:17] [SUCCESS] [1585/2466] Imported Electric Support Whistle +2 [Otomo_ElementBoost_Electricity_3]
[2026-07-22 18:33:17] [SUCCESS] [1586/2466] Imported Fire Support Whistle [Otomo_ElementBoost_Fire_1]
[2026-07-22 18:33:17] [SUCCESS] [1587/2466] Imported Fire Support Whistle +1 [Otomo_ElementBoost_Fire_2]
[2026-07-22 18:33:17] [SUCCESS] [1588/2466] Imported Fire Support Whistle +2 [Otomo_ElementBoost_Fire_3]
[2026-07-22 18:33:17] [SUCCESS] [1589/2466] Imported Ice Support Whistle [Otomo_ElementBoost_Ice_1]
[2026-07-22 18:33:18] [SUCCESS] [1590/2466] Imported Ice Support Whistle +1 [Otomo_ElementBoost_Ice_2]
[2026-07-22 18:33:18] [SUCCESS] [1591/2466] Imported Ice Support Whistle +2 [Otomo_ElementBoost_Ice_3]
[2026-07-22 18:33:18] [SUCCESS] [1592/2466] Imported Grass Support Whistle [Otomo_ElementBoost_Leaf_1]
[2026-07-22 18:33:18] [SUCCESS] [1593/2466] Imported Grass Support Whistle +1 [Otomo_ElementBoost_Leaf_2]
[2026-07-22 18:33:19] [SUCCESS] [1594/2466] Imported Grass Support Whistle +2 [Otomo_ElementBoost_Leaf_3]
[2026-07-22 18:33:19] [SUCCESS] [1595/2466] Imported Neutral Support Whistle [Otomo_ElementBoost_Normal_1]
[2026-07-22 18:33:19] [SUCCESS] [1596/2466] Imported Neutral Support Whistle +1 [Otomo_ElementBoost_Normal_2]
[2026-07-22 18:33:19] [SUCCESS] [1597/2466] Imported Neutral Support Whistle +2 [Otomo_ElementBoost_Normal_3]
[2026-07-22 18:33:19] [SUCCESS] [1598/2466] Imported Water Support Whistle [Otomo_ElementBoost_Water_1]
[2026-07-22 18:33:20] [SUCCESS] [1599/2466] Imported Water Support Whistle +1 [Otomo_ElementBoost_Water_2]
[2026-07-22 18:33:20] [ERROR] [1600/2466] Failed Otomo_ElementBoost_Water_3: Argument types do not match
[2026-07-22 18:33:20] [SUCCESS] [1601/2466] Imported Unknown Item (Otomo_MoveSpeed_up_1) [Otomo_MoveSpeed_up_1]
[2026-07-22 18:33:20] [SUCCESS] [1602/2466] Imported Ring of Trust [Otomo_PalConfidence_Increase_1]
[2026-07-22 18:33:21] [SUCCESS] [1603/2466] Imported Growth Acceleration Bell [Otomo_PalExp_Increase_1]
[2026-07-22 18:33:21] [SUCCESS] [1604/2466] Imported Growth Acceleration Bell +1 [Otomo_PalExp_Increase_2]
[2026-07-22 18:33:21] [SUCCESS] [1605/2466] Imported Growth Acceleration Bell +2 [Otomo_PalExp_Increase_3]
[2026-07-22 18:33:21] [SUCCESS] [1606/2466] Imported Overheat Rifle [OverheatRifle]
[2026-07-22 18:33:21] [SUCCESS] [1607/2466] Imported Overheat Rifle +1 [OverheatRifle_2]
[2026-07-22 18:33:22] [SUCCESS] [1608/2466] Imported Overheat Rifle +2 [OverheatRifle_3]
[2026-07-22 18:33:22] [SUCCESS] [1609/2466] Imported Overheat Rifle +3 [OverheatRifle_4]
[2026-07-22 18:33:22] [SUCCESS] [1610/2466] Imported Overheat Rifle +4 [OverheatRifle_5]
[2026-07-22 18:33:22] [SUCCESS] [1611/2466] Imported Overheat Rifle Ammo [OverheatRifleBullet]
[2026-07-22 18:33:22] [SUCCESS] [1612/2466] Imported Paldium Chunk [Pal_crystal_L]
[2026-07-22 18:33:23] [SUCCESS] [1613/2466] Imported Paldium Fragment [Pal_crystal_S]
[2026-07-22 18:33:23] [SUCCESS] [1614/2466] Imported en Text +65 [PAL_Growth_Stone_L]
[2026-07-22 18:33:23] [SUCCESS] [1615/2466] Imported en Text +66 [PAL_Growth_Stone_M]
[2026-07-22 18:33:23] [SUCCESS] [1616/2466] Imported en Text +67 [PAL_Growth_Stone_S]
[2026-07-22 18:33:24] [SUCCESS] [1617/2466] Imported en Text +68 [PAL_Growth_Stone_XL]
[2026-07-22 18:33:24] [SUCCESS] [1618/2466] Imported Dark Awakening Crystal [PalAwakening_Dark]
[2026-07-22 18:33:24] [SUCCESS] [1619/2466] Imported Dragon Awakening Crystal [PalAwakening_Dragon]
[2026-07-22 18:33:24] [SUCCESS] [1620/2466] Imported Electric Awakening Crystal [PalAwakening_Electric]
[2026-07-22 18:33:24] [SUCCESS] [1621/2466] Imported Fire Awakening Crystal [PalAwakening_Fire]
[2026-07-22 18:33:25] [SUCCESS] [1622/2466] Imported Grass Awakening Crystal [PalAwakening_Grass]
[2026-07-22 18:33:25] [SUCCESS] [1623/2466] Imported Ground Awakening Crystal [PalAwakening_Ground]
[2026-07-22 18:33:25] [SUCCESS] [1624/2466] Imported Ice Awakening Crystal [PalAwakening_Ice]
[2026-07-22 18:33:25] [ERROR] [1625/2466] Failed PalAwakening_Material_Dark: Argument types do not match
[2026-07-22 18:33:26] [SUCCESS] [1626/2466] Imported Dragon Radiant Gem [PalAwakening_Material_Dragon]
[2026-07-22 18:33:26] [SUCCESS] [1627/2466] Imported Electric Radiant Gem [PalAwakening_Material_Electric]
[2026-07-22 18:33:26] [SUCCESS] [1628/2466] Imported Fire Radiant Gem [PalAwakening_Material_Fire]
[2026-07-22 18:33:26] [SUCCESS] [1629/2466] Imported Grass Radiant Gem [PalAwakening_Material_Grass]
[2026-07-22 18:33:26] [SUCCESS] [1630/2466] Imported Ground Radiant Gem [PalAwakening_Material_Ground]
[2026-07-22 18:33:27] [SUCCESS] [1631/2466] Imported Ice Radiant Gem [PalAwakening_Material_Ice]
[2026-07-22 18:33:27] [SUCCESS] [1632/2466] Imported Neutral Radiant Gem [PalAwakening_Material_Neutral]
[2026-07-22 18:33:27] [SUCCESS] [1633/2466] Imported Water Radiant Gem [PalAwakening_Material_Water]
[2026-07-22 18:33:27] [SUCCESS] [1634/2466] Imported Neutral Awakening Crystal [PalAwakening_Neutral]
[2026-07-22 18:33:28] [SUCCESS] [1635/2466] Imported Unknown Item (PalAwakening_Test) [PalAwakening_Test]
[2026-07-22 18:33:28] [SUCCESS] [1636/2466] Imported Water Awakening Crystal [PalAwakening_Water]
[2026-07-22 18:33:28] [SUCCESS] [1637/2466] Imported Ancient Civilization Parts [PalCrystal_Ex]
[2026-07-22 18:33:28] [SUCCESS] [1638/2466] Imported Dark Fragment [PalDarkParts]
[2026-07-22 18:33:28] [SUCCESS] [1639/2466] Imported Boost Gun [PalDopingShot]
[2026-07-22 18:33:29] [SUCCESS] [1640/2466] Imported Megaboost Gun [PalDopingShot_2]
[2026-07-22 18:33:29] [SUCCESS] [1641/2466] Imported Boost Gun +2 [PalDopingShot_3]
[2026-07-22 18:33:29] [SUCCESS] [1642/2466] Imported Boost Gun Ammo [PalDopingShotBullet]
[2026-07-22 18:33:29] [SUCCESS] [1643/2466] Imported Dark Egg [PalEgg_Dark_01]
[2026-07-22 18:33:30] [SUCCESS] [1644/2466] Imported Dark Egg +1 [PalEgg_Dark_02]
[2026-07-22 18:33:30] [SUCCESS] [1645/2466] Imported Large Dark Egg +2 [PalEgg_Dark_03]
[2026-07-22 18:33:30] [SUCCESS] [1646/2466] Imported Large Dark Egg +3 [PalEgg_Dark_04]
[2026-07-22 18:33:30] [SUCCESS] [1647/2466] Imported Huge Dark Egg [PalEgg_Dark_05]
[2026-07-22 18:33:30] [SUCCESS] [1648/2466] Imported Dragon Egg [PalEgg_Dragon_01]
[2026-07-22 18:33:31] [SUCCESS] [1649/2466] Imported Dragon Egg +1 [PalEgg_Dragon_02]
[2026-07-22 18:33:31] [ERROR] [1650/2466] Failed PalEgg_Dragon_03: Argument types do not match
[2026-07-22 18:33:31] [SUCCESS] [1651/2466] Imported Large Dragon Egg +3 [PalEgg_Dragon_04]
[2026-07-22 18:33:31] [SUCCESS] [1652/2466] Imported Huge Dragon Egg [PalEgg_Dragon_05]
[2026-07-22 18:33:32] [SUCCESS] [1653/2466] Imported Rocky Egg [PalEgg_Earth_01]
[2026-07-22 18:33:32] [SUCCESS] [1654/2466] Imported Rocky Egg +1 [PalEgg_Earth_02]
[2026-07-22 18:33:32] [SUCCESS] [1655/2466] Imported Large Rocky Egg +2 [PalEgg_Earth_03]
[2026-07-22 18:33:32] [SUCCESS] [1656/2466] Imported Large Rocky Egg +3 [PalEgg_Earth_04]
[2026-07-22 18:33:33] [SUCCESS] [1657/2466] Imported Huge Rocky Egg [PalEgg_Earth_05]
[2026-07-22 18:33:33] [SUCCESS] [1658/2466] Imported Electric Egg [PalEgg_Electricity_01]
[2026-07-22 18:33:33] [SUCCESS] [1659/2466] Imported Electric Egg +1 [PalEgg_Electricity_02]
[2026-07-22 18:33:33] [SUCCESS] [1660/2466] Imported Large Electric Egg +2 [PalEgg_Electricity_03]
[2026-07-22 18:33:33] [SUCCESS] [1661/2466] Imported Large Electric Egg +3 [PalEgg_Electricity_04]
[2026-07-22 18:33:34] [SUCCESS] [1662/2466] Imported Huge Electric Egg [PalEgg_Electricity_05]
[2026-07-22 18:33:34] [SUCCESS] [1663/2466] Imported Scorching Egg [PalEgg_Fire_01]
[2026-07-22 18:33:34] [SUCCESS] [1664/2466] Imported Scorching Egg +1 [PalEgg_Fire_02]
[2026-07-22 18:33:35] [SUCCESS] [1665/2466] Imported Large Scorching Egg +2 [PalEgg_Fire_03]
[2026-07-22 18:33:35] [SUCCESS] [1666/2466] Imported Large Scorching Egg +3 [PalEgg_Fire_04]
[2026-07-22 18:33:36] [SUCCESS] [1667/2466] Imported Huge Scorching Egg [PalEgg_Fire_05]
[2026-07-22 18:33:36] [SUCCESS] [1668/2466] Imported Frozen Egg [PalEgg_Ice_01]
[2026-07-22 18:33:36] [SUCCESS] [1669/2466] Imported Frozen Egg +1 [PalEgg_Ice_02]
[2026-07-22 18:33:36] [SUCCESS] [1670/2466] Imported Large Frozen Egg +2 [PalEgg_Ice_03]
[2026-07-22 18:33:36] [SUCCESS] [1671/2466] Imported Large Frozen Egg +3 [PalEgg_Ice_04]
[2026-07-22 18:33:37] [SUCCESS] [1672/2466] Imported Huge Frozen Egg [PalEgg_Ice_05]
[2026-07-22 18:33:37] [SUCCESS] [1673/2466] Imported Verdant Egg [PalEgg_Leaf_01]
[2026-07-22 18:33:37] [SUCCESS] [1674/2466] Imported Verdant Egg +1 [PalEgg_Leaf_02]
[2026-07-22 18:33:37] [ERROR] [1675/2466] Failed PalEgg_Leaf_03: Argument types do not match
[2026-07-22 18:33:38] [SUCCESS] [1676/2466] Imported Large Verdant Egg +3 [PalEgg_Leaf_04]
[2026-07-22 18:33:38] [SUCCESS] [1677/2466] Imported Huge Verdant Egg [PalEgg_Leaf_05]
[2026-07-22 18:33:38] [SUCCESS] [1678/2466] Imported Huge Mutated Egg [PalEgg_MutationPal]
[2026-07-22 18:33:38] [SUCCESS] [1679/2466] Imported Mutated Egg [PalEgg_MutationPal_01]
[2026-07-22 18:33:38] [SUCCESS] [1680/2466] Imported Mutated Egg +1 [PalEgg_MutationPal_02]
[2026-07-22 18:33:39] [SUCCESS] [1681/2466] Imported Large Mutated Egg +2 [PalEgg_MutationPal_03]
[2026-07-22 18:33:39] [SUCCESS] [1682/2466] Imported Large Mutated Egg +3 [PalEgg_MutationPal_04]
[2026-07-22 18:33:39] [SUCCESS] [1683/2466] Imported Huge Mutated Egg +4 [PalEgg_MutationPal_05]
[2026-07-22 18:33:39] [SUCCESS] [1684/2466] Imported Common Egg [PalEgg_Normal_01]
[2026-07-22 18:33:40] [SUCCESS] [1685/2466] Imported Common Egg +1 [PalEgg_Normal_02]
[2026-07-22 18:33:40] [SUCCESS] [1686/2466] Imported Large Common Egg +2 [PalEgg_Normal_03]
[2026-07-22 18:33:40] [SUCCESS] [1687/2466] Imported Large Common Egg +3 [PalEgg_Normal_04]
[2026-07-22 18:33:40] [SUCCESS] [1688/2466] Imported Huge Common Egg [PalEgg_Normal_05]
[2026-07-22 18:33:40] [SUCCESS] [1689/2466] Imported Damp Egg [PalEgg_Water_01]
[2026-07-22 18:33:41] [SUCCESS] [1690/2466] Imported Damp Egg +1 [PalEgg_Water_02]
[2026-07-22 18:33:41] [SUCCESS] [1691/2466] Imported Large Damp Egg +2 [PalEgg_Water_03]
[2026-07-22 18:33:41] [SUCCESS] [1692/2466] Imported Large Damp Egg +3 [PalEgg_Water_04]
[2026-07-22 18:33:41] [SUCCESS] [1693/2466] Imported Huge Damp Egg [PalEgg_Water_05]
[2026-07-22 18:33:41] [SUCCESS] [1694/2466] Imported Ominous Egg [PalEgg_WorldTree_01]
[2026-07-22 18:33:42] [SUCCESS] [1695/2466] Imported Ominous Egg +1 [PalEgg_WorldTree_02]
[2026-07-22 18:33:42] [SUCCESS] [1696/2466] Imported Large Ominous Egg +2 [PalEgg_WorldTree_03]
[2026-07-22 18:33:42] [SUCCESS] [1697/2466] Imported Large Ominous Egg +3 [PalEgg_WorldTree_04]
[2026-07-22 18:33:42] [SUCCESS] [1698/2466] Imported Huge Ominous Egg [PalEgg_WorldTree_05]
[2026-07-22 18:33:43] [SUCCESS] [1699/2466] Imported Aquatic Pal Fluids [PalFluid]
[2026-07-22 18:33:43] [ERROR] [1700/2466] Failed PalGenderReverse: Argument types do not match
[2026-07-22 18:33:43] [SUCCESS] [1701/2466] Imported Unknown Item (PalGenderReverseTest) [PalGenderReverseTest]
[2026-07-22 18:33:43] [SUCCESS] [1702/2466] Imported Pal Recovery Grenade [PalHealingGrenade]
[2026-07-22 18:33:43] [SUCCESS] [1703/2466] Imported Penking Plume [PalItem_CaptainPenguin]
[2026-07-22 18:33:44] [SUCCESS] [1704/2466] Imported Katress Hair [PalItem_CatMage]
[2026-07-22 18:33:44] [SUCCESS] [1705/2466] Imported Tocotoco Feather [PalItem_ColorfulBird]
[2026-07-22 18:33:44] [SUCCESS] [1706/2466] Imported Leezpunk Crest [PalItem_LizardMan]
[2026-07-22 18:33:44] [SUCCESS] [1707/2466] Imported Swee Hair [PalItem_MopBaby]
[2026-07-22 18:33:45] [SUCCESS] [1708/2466] Imported Killamari Tentacle [PalItem_NegativeOctopus]
[2026-07-22 18:33:45] [SUCCESS] [1709/2466] Imported Ribbuny Ribbon [PalItem_PinkRabbit]
[2026-07-22 18:33:45] [SUCCESS] [1710/2466] Imported Gumoss Leaf [PalItem_PlantSlime]
[2026-07-22 18:33:45] [SUCCESS] [1711/2466] Imported Dazzi Cloud [PalItem_RaijinDaughter]
[2026-07-22 18:33:45] [SUCCESS] [1712/2466] Imported Precious Dragon Stone [PalItem_ToSell_01]
[2026-07-22 18:33:46] [SUCCESS] [1713/2466] Imported Precious Plume [PalItem_ToSell_02]
[2026-07-22 18:33:46] [SUCCESS] [1714/2466] Imported Precious Entrails [PalItem_ToSell_03]
[2026-07-22 18:33:46] [SUCCESS] [1715/2466] Imported Precious Claw [PalItem_ToSell_04]
[2026-07-22 18:33:46] [SUCCESS] [1716/2466] Imported Precious Pelt [PalItem_ToSell_05]
[2026-07-22 18:33:47] [SUCCESS] [1717/2466] Imported High Quality Pal Oil [PalOil]
[2026-07-22 18:33:47] [SUCCESS] [1718/2466] Imported Implant: Healing Coach [PalPassiveSkillChange_AutoHPRegeneRate_Passive]
[2026-07-22 18:33:47] [SUCCESS] [1719/2466] Imported Disposable Implant: Remarkable Craftsmanship [PalPassiveSkillChange_Consumable_CraftSpeed_up3]
[2026-07-22 18:33:47] [SUCCESS] [1720/2466] Imported Disposable Implant: Diamond Body [PalPassiveSkillChange_Consumable_Deffence_up3]
[2026-07-22 18:33:47] [SUCCESS] [1721/2466] Imported Disposable Implant: Eternal Flame [PalPassiveSkillChange_Consumable_EternalFlame]
[2026-07-22 18:33:48] [SUCCESS] [1722/2466] Imported Disposable Implant: Invader [PalPassiveSkillChange_Consumable_Invader]
[2026-07-22 18:33:48] [SUCCESS] [1723/2466] Imported Disposable Implant: Legend [PalPassiveSkillChange_Consumable_Legend]
[2026-07-22 18:33:48] [SUCCESS] [1724/2466] Imported Disposable Implant: Swift [PalPassiveSkillChange_Consumable_MoveSpeed_up_3]
[2026-07-22 18:33:48] [ERROR] [1725/2466] Failed PalPassiveSkillChange_Consumable_MutationPal_Babysitter: Argument types do not match
[2026-07-22 18:33:49] [SUCCESS] [1726/2466] Imported Disposable Implant: Heavily Armored [PalPassiveSkillChange_Consumable_MutationPal_ExplosionResist]
[2026-07-22 18:33:49] [SUCCESS] [1727/2466] Imported Disposable Implant: Immortality [PalPassiveSkillChange_Consumable_MutationPal_Immortal]
[2026-07-22 18:33:49] [SUCCESS] [1728/2466] Imported Disposable Implant: Idiosyncratic [PalPassiveSkillChange_Consumable_MutationPal_Mutant]
[2026-07-22 18:33:49] [SUCCESS] [1729/2466] Imported Disposable Implant: Lunker [PalPassiveSkillChange_Consumable_Nushi]
[2026-07-22 18:33:49] [SUCCESS] [1730/2466] Imported Disposable Implant: Demon God [PalPassiveSkillChange_Consumable_PAL_ALLAttack_up3]
[2026-07-22 18:33:50] [SUCCESS] [1731/2466] Imported Disposable Implant: Mastery of Fasting [PalPassiveSkillChange_Consumable_PAL_FullStomach_Down_3]
[2026-07-22 18:33:50] [SUCCESS] [1732/2466] Imported Disposable Implant: Heart of the Immovable King [PalPassiveSkillChange_Consumable_PAL_Sanity_Down_3]
[2026-07-22 18:33:50] [SUCCESS] [1733/2466] Imported Disposable Implant: Lucky [PalPassiveSkillChange_Consumable_Rare]
[2026-07-22 18:33:50] [SUCCESS] [1734/2466] Imported Disposable Implant: Skymarcher [PalPassiveSkillChange_Consumable_RideJumpCount_Increase2]
[2026-07-22 18:33:51] [SUCCESS] [1735/2466] Imported Disposable Implant: Savior [PalPassiveSkillChange_Consumable_Salvation]
[2026-07-22 18:33:51] [SUCCESS] [1736/2466] Imported Disposable Implant: Eternal Engine [PalPassiveSkillChange_Consumable_Stamina_Up_3]
[2026-07-22 18:33:51] [SUCCESS] [1737/2466] Imported Disposable Implant: King of the Waves [PalPassiveSkillChange_Consumable_SwimSpeed_up_3]
[2026-07-22 18:33:51] [SUCCESS] [1738/2466] Imported Disposable Implant: Vampiric [PalPassiveSkillChange_Consumable_Vampire]
[2026-07-22 18:33:51] [SUCCESS] [1739/2466] Imported Disposable Implant: Siren of the Void [PalPassiveSkillChange_Consumable_Witch]
[2026-07-22 18:33:52] [SUCCESS] [1740/2466] Imported Disposable Implant: Double-Edged Holy Sword [PalPassiveSkillChange_Consumable_WorldTree_ATK]
[2026-07-22 18:33:52] [SUCCESS] [1741/2466] Imported Disposable Implant: God of Destruction [PalPassiveSkillChange_Consumable_WorldTree_ATK_DEF]
[2026-07-22 18:33:52] [SUCCESS] [1742/2466] Imported Disposable Implant: Demonic Grasp [PalPassiveSkillChange_Consumable_WorldTree_CraftSpeed]
[2026-07-22 18:33:52] [SUCCESS] [1743/2466] Imported Disposable Implant: Sacred Flesh [PalPassiveSkillChange_Consumable_WorldTree_DEF]
[2026-07-22 18:33:53] [SUCCESS] [1744/2466] Imported Disposable Implant: World Tree's Bounty [PalPassiveSkillChange_Consumable_WorldTree_FullStomach]
[2026-07-22 18:33:53] [SUCCESS] [1745/2466] Imported Disposable Implant: Dimensional Leap [PalPassiveSkillChange_Consumable_WorldTree_MoveSpeed]
[2026-07-22 18:33:53] [SUCCESS] [1746/2466] Imported Disposable Implant: Hermit [PalPassiveSkillChange_Consumable_WorldTree_Sanity]
[2026-07-22 18:33:53] [SUCCESS] [1747/2466] Imported Implant: Serenity [PalPassiveSkillChange_CoolTimeReduction_Up_1]
[2026-07-22 18:33:53] [SUCCESS] [1748/2466] Imported Implant: Impatient [PalPassiveSkillChange_CoolTimeReduction_Up_2]
[2026-07-22 18:33:54] [SUCCESS] [1749/2466] Imported Implant: Serious [PalPassiveSkillChange_CraftSpeed_up1]
[2026-07-22 18:33:54] [ERROR] [1750/2466] Failed PalPassiveSkillChange_CraftSpeed_up2: Argument types do not match
[2026-07-22 18:33:54] [SUCCESS] [1751/2466] Imported Implant: Remarkable Craftsmanship [PalPassiveSkillChange_CraftSpeed_up3]
[2026-07-22 18:33:54] [SUCCESS] [1752/2466] Imported Implant: Hard Skin [PalPassiveSkillChange_Deffence_up1]
[2026-07-22 18:33:55] [SUCCESS] [1753/2466] Imported Implant: Burly Body [PalPassiveSkillChange_Deffence_up2]
[2026-07-22 18:33:55] [SUCCESS] [1754/2466] Imported Implant: Diamond Body [PalPassiveSkillChange_Deffence_up3]
[2026-07-22 18:33:55] [SUCCESS] [1755/2466] Imported Implant: Philanthropist [PalPassiveSkillChange_HatchingSpeed_Up]
[2026-07-22 18:33:55] [SUCCESS] [1756/2466] Imported Implant: Nimble [PalPassiveSkillChange_MoveSpeed_up_1]
[2026-07-22 18:33:55] [SUCCESS] [1757/2466] Imported Implant: Runner [PalPassiveSkillChange_MoveSpeed_up_2]
[2026-07-22 18:33:56] [SUCCESS] [1758/2466] Imported Implant: Swift [PalPassiveSkillChange_MoveSpeed_up_3]
[2026-07-22 18:33:56] [SUCCESS] [1759/2466] Imported Implant: Insomnia [PalPassiveSkillChange_Nocturnal]
[2026-07-22 18:33:56] [SUCCESS] [1760/2466] Imported Implant: Mercy Hit [PalPassiveSkillChange_NonKilling]
[2026-07-22 18:33:56] [SUCCESS] [1761/2466] Imported Implant: Musclehead [PalPassiveSkillChange_Noukin]
[2026-07-22 18:33:57] [SUCCESS] [1762/2466] Imported Implant: Brave [PalPassiveSkillChange_PAL_ALLAttack_up1]
[2026-07-22 18:33:57] [SUCCESS] [1763/2466] Imported Implant: Ferocious [PalPassiveSkillChange_PAL_ALLAttack_up2]
[2026-07-22 18:33:57] [SUCCESS] [1764/2466] Imported Implant: Demon God [PalPassiveSkillChange_PAL_ALLAttack_up3]
[2026-07-22 18:33:57] [SUCCESS] [1765/2466] Imported Implant: Work Slave [PalPassiveSkillChange_PAL_CorporateSlave]
[2026-07-22 18:33:57] [SUCCESS] [1766/2466] Imported Implant: Dainty Eater [PalPassiveSkillChange_PAL_FullStomach_Down_1]
[2026-07-22 18:33:58] [SUCCESS] [1767/2466] Imported Implant: Diet Lover [PalPassiveSkillChange_PAL_FullStomach_Down_2]
[2026-07-22 18:33:58] [SUCCESS] [1768/2466] Imported Implant: Mastery of Fasting [PalPassiveSkillChange_PAL_FullStomach_Down_3]
[2026-07-22 18:33:58] [SUCCESS] [1769/2466] Imported Implant: Positive Thinker [PalPassiveSkillChange_PAL_Sanity_Down_1]
[2026-07-22 18:33:58] [SUCCESS] [1770/2466] Imported Implant: Workaholic [PalPassiveSkillChange_PAL_Sanity_Down_2]
[2026-07-22 18:33:59] [SUCCESS] [1771/2466] Imported Implant: Heart of the Immovable King [PalPassiveSkillChange_PAL_Sanity_Down_3]
[2026-07-22 18:33:59] [SUCCESS] [1772/2466] Imported Implant: Wellness Watcher [PalPassiveSkillChange_PlayerSP_DecreaseRate_Passive]
[2026-07-22 18:33:59] [SUCCESS] [1773/2466] Imported Implant: Reload Master [PalPassiveSkillChange_ReloadSpeedUp_Passive]
[2026-07-22 18:33:59] [SUCCESS] [1774/2466] Imported Implant: Noble [PalPassiveSkillChange_SalePrice_Up_1]
[2026-07-22 18:33:59] [ERROR] [1775/2466] Failed PalPassiveSkillChange_SalePrice_Up_2: Argument types do not match
[2026-07-22 18:34:00] [SUCCESS] [1776/2466] Imported Implant: Infinite Stamina [PalPassiveSkillChange_Stamina_Up_1]
[2026-07-22 18:34:00] [SUCCESS] [1777/2466] Imported Implant: Fit as a Fiddle [PalPassiveSkillChange_Stamina_Up_2]
[2026-07-22 18:34:00] [SUCCESS] [1778/2466] Imported Implant: Eternal Engine [PalPassiveSkillChange_Stamina_Up_3]
[2026-07-22 18:34:00] [SUCCESS] [1779/2466] Imported Unknown Item (PalPassiveSkillChange_SwimSpeed_ConsumeTest) [PalPassiveSkillChange_SwimSpeed_ConsumeTest]
[2026-07-22 18:34:01] [SUCCESS] [1780/2466] Imported Implant: Sleek Stroke [PalPassiveSkillChange_SwimSpeed_up_1]
[2026-07-22 18:34:01] [SUCCESS] [1781/2466] Imported Implant: Ace Swimmer [PalPassiveSkillChange_SwimSpeed_up_2]
[2026-07-22 18:34:01] [SUCCESS] [1782/2466] Imported Implant: Vanguard [PalPassiveSkillChange_TrainerATK_UP_1]
[2026-07-22 18:34:01] [SUCCESS] [1783/2466] Imported Implant: Stronghold Strategist [PalPassiveSkillChange_TrainerDEF_UP_1]
[2026-07-22 18:34:01] [SUCCESS] [1784/2466] Imported Implant: Logging Foreman [PalPassiveSkillChange_TrainerLogging_up1]
[2026-07-22 18:34:02] [SUCCESS] [1785/2466] Imported Implant: Mine Foreman [PalPassiveSkillChange_TrainerMining_up1]
[2026-07-22 18:34:02] [SUCCESS] [1786/2466] Imported Implant: Motivational Leader [PalPassiveSkillChange_TrainerWorkSpeed_UP_1]
[2026-07-22 18:34:02] [SUCCESS] [1787/2466] Imported Unknown Item (PalPassiveSkillChangeTest) [PalPassiveSkillChangeTest]
[2026-07-22 18:34:02] [SUCCESS] [1788/2466] Imported Unknown Item (PalPassiveSkillChangeTest2) [PalPassiveSkillChangeTest2]
[2026-07-22 18:34:03] [SUCCESS] [1789/2466] Imported Revival Potion [PalRevive]
[2026-07-22 18:34:03] [SUCCESS] [1790/2466] Imported Pal Sphere [PalSphere]
[2026-07-22 18:34:03] [SUCCESS] [1791/2466] Imported Sol Sphere [PalSphere_Ancient_1]
[2026-07-22 18:34:03] [SUCCESS] [1792/2466] Imported Ancient Sphere [PalSphere_Ancient_2]
[2026-07-22 18:34:03] [SUCCESS] [1793/2466] Imported PalSphere_Debug [PalSphere_Debug]
[2026-07-22 18:34:04] [SUCCESS] [1794/2466] Imported Exotic Sphere [PalSphere_Exotic]
[2026-07-22 18:34:04] [SUCCESS] [1795/2466] Imported Giga Sphere [PalSphere_Giga]
[2026-07-22 18:34:04] [SUCCESS] [1796/2466] Imported Legendary Sphere [PalSphere_Legend]
[2026-07-22 18:34:04] [SUCCESS] [1797/2466] Imported Ultra Sphere [PalSphere_Master]
[2026-07-22 18:34:05] [SUCCESS] [1798/2466] Imported Mega Sphere [PalSphere_Mega]
[2026-07-22 18:34:05] [SUCCESS] [1799/2466] Imported Radar Sphere [PalSphere_Robbery]
[2026-07-22 18:34:05] [ERROR] [1800/2466] Failed PalSphere_Tera: Argument types do not match
[2026-07-22 18:34:05] [SUCCESS] [1801/2466] Imported Ultimate Sphere [PalSphere_Ultimate]
[2026-07-22 18:34:05] [SUCCESS] [1802/2466] Imported Summoning Altar [PalSummon]
[2026-07-22 18:34:06] [SUCCESS] [1803/2466] Imported Xenolord Slab [PalSummon_DarkMechaDragon]
[2026-07-22 18:34:06] [SUCCESS] [1804/2466] Imported Xenolord (Ultra) Slab [PalSummon_DarkMechaDragon_2]
[2026-07-22 18:34:06] [SUCCESS] [1805/2466] Imported Xenolord Slab Fragment [PalSummon_DarkMechaDragon_Parts]
[2026-07-22 18:34:06] [SUCCESS] [1806/2466] Imported Xenolord (Ultra) Slab Fragment [PalSummon_DarkMechaDragon_Parts_2]
[2026-07-22 18:34:07] [SUCCESS] [1807/2466] Imported Blazamut Ryu Slab [PalSummon_KingBahamut_Dragon]
[2026-07-22 18:34:07] [SUCCESS] [1808/2466] Imported Blazamut Ryu (Ultra) Slab [PalSummon_KingBahamut_Dragon_2]
[2026-07-22 18:34:07] [SUCCESS] [1809/2466] Imported Blazamut Ryu Slab Fragment [PalSummon_KingBahamut_Dragon_Parts]
[2026-07-22 18:34:07] [SUCCESS] [1810/2466] Imported Blazamut Ryu (Ultra) Slab Fragment [PalSummon_KingBahamut_Dragon_Parts_2]
[2026-07-22 18:34:07] [SUCCESS] [1811/2466] Imported Hartalis Slab [PalSummon_LegendDeer]
[2026-07-22 18:34:08] [SUCCESS] [1812/2466] Imported Hartalis (Ultra) Slab [PalSummon_LegendDeer_2]
[2026-07-22 18:34:08] [SUCCESS] [1813/2466] Imported Hartalis Slab Fragment [PalSummon_LegendDeer_Parts]
[2026-07-22 18:34:08] [SUCCESS] [1814/2466] Imported Hartalis (Ultra) Slab Fragment [PalSummon_LegendDeer_Parts_2]
[2026-07-22 18:34:08] [SUCCESS] [1815/2466] Imported Bellanoir's Slab [PalSummon_NightLady]
[2026-07-22 18:34:08] [SUCCESS] [1816/2466] Imported Bellanoir Libero's Slab [PalSummon_NightLady_Dark]
[2026-07-22 18:34:09] [SUCCESS] [1817/2466] Imported Bellanoir Libero (Ultra) Slab [PalSummon_NightLady_Dark_2]
[2026-07-22 18:34:09] [SUCCESS] [1818/2466] Imported Bellanoir Libero's Slab Fragment [PalSummon_NightLady_Dark_Parts]
[2026-07-22 18:34:09] [SUCCESS] [1819/2466] Imported Bellanoir Libero (Ultra) Slab Fragment [PalSummon_NightLady_Dark_Parts_2]
[2026-07-22 18:34:09] [SUCCESS] [1820/2466] Imported Bellanoir's Slab Fragment [PalSummon_NightLady_Parts]
[2026-07-22 18:34:10] [SUCCESS] [1821/2466] Imported Celestial Sigil [PalSummon_YakushimaBoss002]
[2026-07-22 18:34:10] [SUCCESS] [1822/2466] Imported Celestial Sigil [Master] [PalSummon_YakushimaBoss002_2]
[2026-07-22 18:34:10] [SUCCESS] [1823/2466] Imported Small Pal Soul [PalUpgradeStone]
[2026-07-22 18:34:10] [SUCCESS] [1824/2466] Imported Medium Pal Soul [PalUpgradeStone2]
[2026-07-22 18:34:10] [ERROR] [1825/2466] Failed PalUpgradeStone3: Argument types do not match
[2026-07-22 18:34:11] [SUCCESS] [1826/2466] Imported Giant Pal Soul [PalUpgradeStone4]
[2026-07-22 18:34:11] [SUCCESS] [1827/2466] Imported Bread [Pan]
[2026-07-22 18:34:11] [SUCCESS] [1828/2466] Imported Pancake [Pancake]
[2026-07-22 18:34:11] [SUCCESS] [1829/2466] Imported en Text +69 [PenguinLauncher]
[2026-07-22 18:34:12] [SUCCESS] [1830/2466] Imported Pal Metal Pickaxe [Pickaxe_Steal]
[2026-07-22 18:34:12] [SUCCESS] [1831/2466] Imported Stone Pickaxe [Pickaxe_Tier_00]
[2026-07-22 18:34:12] [SUCCESS] [1832/2466] Imported Metal Pickaxe [Pickaxe_Tier_01]
[2026-07-22 18:34:12] [SUCCESS] [1833/2466] Imported Refined Metal Pickaxe [Pickaxe_Tier_02]
[2026-07-22 18:34:12] [SUCCESS] [1834/2466] Imported en Text +2 [Pickaxe_Tier_03]
[2026-07-22 18:34:13] [SUCCESS] [1835/2466] Imported Pizza [Pizza]
[2026-07-22 18:34:13] [SUCCESS] [1836/2466] Imported Plasteel [Plastic]
[2026-07-22 18:34:13] [SUCCESS] [1837/2466] Imported Plasteel Armor [PlasticArmor]
[2026-07-22 18:34:13] [SUCCESS] [1838/2466] Imported Plasteel Armor +1 [PlasticArmor_2]
[2026-07-22 18:34:14] [SUCCESS] [1839/2466] Imported Plasteel Armor +2 [PlasticArmor_3]
[2026-07-22 18:34:14] [SUCCESS] [1840/2466] Imported Plasteel Armor +3 [PlasticArmor_4]
[2026-07-22 18:34:14] [SUCCESS] [1841/2466] Imported Plasteel Armor +4 [PlasticArmor_5]
[2026-07-22 18:34:14] [SUCCESS] [1842/2466] Imported Cold Resistant Plasteel Armor [PlasticArmorCold]
[2026-07-22 18:34:14] [SUCCESS] [1843/2466] Imported Cold Resistant Plasteel Armor +1 [PlasticArmorCold_2]
[2026-07-22 18:34:15] [SUCCESS] [1844/2466] Imported Cold Resistant Plasteel Armor +2 [PlasticArmorCold_3]
[2026-07-22 18:34:15] [SUCCESS] [1845/2466] Imported Cold Resistant Plasteel Armor +3 [PlasticArmorCold_4]
[2026-07-22 18:34:15] [SUCCESS] [1846/2466] Imported Cold Resistant Plasteel Armor +4 [PlasticArmorCold_5]
[2026-07-22 18:34:15] [SUCCESS] [1847/2466] Imported Heat Resistant Plasteel Armor [PlasticArmorHeat]
[2026-07-22 18:34:16] [SUCCESS] [1848/2466] Imported Heat Resistant Plasteel Armor +1 [PlasticArmorHeat_2]
[2026-07-22 18:34:16] [SUCCESS] [1849/2466] Imported Heat Resistant Plasteel Armor +2 [PlasticArmorHeat_3]
[2026-07-22 18:34:16] [ERROR] [1850/2466] Failed PlasticArmorHeat_4: Argument types do not match
[2026-07-22 18:34:16] [SUCCESS] [1851/2466] Imported Heat Resistant Plasteel Armor +4 [PlasticArmorHeat_5]
[2026-07-22 18:34:16] [SUCCESS] [1852/2466] Imported Lightweight Plasteel Armor [PlasticArmorWeight]
[2026-07-22 18:34:17] [SUCCESS] [1853/2466] Imported Lightweight Plasteel Armor +1 [PlasticArmorWeight_2]
[2026-07-22 18:34:17] [SUCCESS] [1854/2466] Imported Lightweight Plasteel Armor +2 [PlasticArmorWeight_3]
[2026-07-22 18:34:17] [SUCCESS] [1855/2466] Imported Lightweight Plasteel Armor +3 [PlasticArmorWeight_4]
[2026-07-22 18:34:18] [SUCCESS] [1856/2466] Imported Lightweight Plasteel Armor +4 [PlasticArmorWeight_5]
[2026-07-22 18:34:18] [SUCCESS] [1857/2466] Imported Plasteel Helmet [PlasticHelmet]
[2026-07-22 18:34:18] [SUCCESS] [1858/2466] Imported Plasteel Helmet +1 [PlasticHelmet_2]
[2026-07-22 18:34:18] [SUCCESS] [1859/2466] Imported Plasteel Helmet +2 [PlasticHelmet_3]
[2026-07-22 18:34:19] [SUCCESS] [1860/2466] Imported Plasteel Helmet +3 [PlasticHelmet_4]
[2026-07-22 18:34:19] [SUCCESS] [1861/2466] Imported Plasteel Helmet +4 [PlasticHelmet_5]
[2026-07-22 18:34:19] [SUCCESS] [1862/2466] Imported Depresso Armor [Player_Outfit_Kigurumi001]
[2026-07-22 18:34:19] [SUCCESS] [1863/2466] Imported Champion's Emblem [PlayerDropItem]
[2026-07-22 18:34:20] [SUCCESS] [1864/2466] Imported Mysterious Mushroom [PoisonMushroom]
[2026-07-22 18:34:20] [SUCCESS] [1865/2466] Imported Polymer [Polymer]
[2026-07-22 18:34:20] [SUCCESS] [1866/2466] Imported Beautiful Flower [Poppy]
[2026-07-22 18:34:20] [SUCCESS] [1867/2466] Imported Potage [Potage]
[2026-07-22 18:34:21] [SUCCESS] [1868/2466] Imported Potato [Potato]
[2026-07-22 18:34:21] [SUCCESS] [1869/2466] Imported en Text +71 [Potato_old]
[2026-07-22 18:34:22] [SUCCESS] [1870/2466] Imported French Fries [PotatoChips]
[2026-07-22 18:34:22] [SUCCESS] [1871/2466] Imported PotatoSeedPotatoes [PotatoSeedPotatoes]
[2026-07-22 18:34:22] [SUCCESS] [1872/2466] Imported Potato Seeds [PotatoSeeds]
[2026-07-22 18:34:22] [SUCCESS] [1873/2466] Imported Recovery Meds [Potion]
[2026-07-22 18:34:22] [SUCCESS] [1874/2466] Imported Advanced Recovery Meds [Potion_Extreme]
[2026-07-22 18:34:23] [ERROR] [1875/2466] Failed Potion_High: Argument types do not match
[2026-07-22 18:34:23] [SUCCESS] [1876/2466] Imported Low Quality Recovery Meds [Potion_Low]
[2026-07-22 18:34:23] [SUCCESS] [1877/2466] Imported Predator Core [PredatorCrystal]
[2026-07-22 18:34:23] [SUCCESS] [1878/2466] Imported Mythical Wooden Board [Premium_Processed_Wood]
[2026-07-22 18:34:24] [SUCCESS] [1879/2466] Imported Wooden Board [Processed_Wood]
[2026-07-22 18:34:24] [SUCCESS] [1880/2466] Imported - +1 [Propellant]
[2026-07-22 18:34:24] [SUCCESS] [1881/2466] Imported Pump-Action Shotgun [PumpActionShotgun]
[2026-07-22 18:34:24] [SUCCESS] [1882/2466] Imported Pump-Action Shotgun +1 [PumpActionShotgun_2]
[2026-07-22 18:34:24] [SUCCESS] [1883/2466] Imported Pump-Action Shotgun +2 [PumpActionShotgun_3]
[2026-07-22 18:34:25] [SUCCESS] [1884/2466] Imported Pump-Action Shotgun +3 [PumpActionShotgun_4]
[2026-07-22 18:34:25] [SUCCESS] [1885/2466] Imported Pump-Action Shotgun +4 [PumpActionShotgun_5]
[2026-07-22 18:34:25] [SUCCESS] [1886/2466] Imported en Text +72 [Pumpkin]
[2026-07-22 18:34:25] [SUCCESS] [1887/2466] Imported Unknown Item (PV_Glider_Manta) [PV_Glider_Manta]
[2026-07-22 18:34:25] [SUCCESS] [1888/2466] Imported Pure Quartz [Quartz]
[2026-07-22 18:34:26] [SUCCESS] [1889/2466] Imported Breeder's Precious Pal [QuestItem_Breeder_1]
[2026-07-22 18:34:26] [SUCCESS] [1890/2466] Imported Farmer's Special Dish [QuestItem_Farmer_1]
[2026-07-22 18:34:26] [SUCCESS] [1891/2466] Imported Zoe's Tattered Memento [QuestItem_Zoe_1]
[2026-07-22 18:34:26] [SUCCESS] [1892/2466] Imported Zoe's Halloween Costume [QuestItem_Zoe_Halloweenskin_1]
[2026-07-22 18:34:27] [SUCCESS] [1893/2466] Imported Mushroom Quiche [Quiche]
[2026-07-22 18:34:27] [SUCCESS] [1894/2466] Imported Hexolite Quartz [RainbowCrystal]
[2026-07-22 18:34:27] [SUCCESS] [1895/2466] Imported Starfruit ☆1 [Rankup_1]
[2026-07-22 18:34:27] [SUCCESS] [1896/2466] Imported Starfruit ☆2 [Rankup_2]
[2026-07-22 18:34:27] [SUCCESS] [1897/2466] Imported Starfruit ☆3 [Rankup_3]
[2026-07-22 18:34:28] [SUCCESS] [1898/2466] Imported Starfruit ☆4 [Rankup_4]
[2026-07-22 18:34:28] [SUCCESS] [1899/2466] Imported Ripe Starfruit [Rankup_Arbitrary]
[2026-07-22 18:34:28] [ERROR] [1900/2466] Failed RecurveBow: Argument types do not match
[2026-07-22 18:34:28] [SUCCESS] [1901/2466] Imported Reinforced Arrow [ReinforcedArrow]
[2026-07-22 18:34:29] [SUCCESS] [1902/2466] Imported Lifmunk Effigy [Relic]
[2026-07-22 18:34:29] [SUCCESS] [1903/2466] Imported Lamball Effigy [Relic_01]
[2026-07-22 18:34:29] [SUCCESS] [1904/2466] Imported Pengullet Effigy [Relic_02]
[2026-07-22 18:34:29] [SUCCESS] [1905/2466] Imported Munchill Effigy [Relic_03]
[2026-07-22 18:34:29] [SUCCESS] [1906/2466] Imported Rooby Effigy [Relic_04]
[2026-07-22 18:34:30] [SUCCESS] [1907/2466] Imported Herbil Effigy [Relic_05]
[2026-07-22 18:34:30] [SUCCESS] [1908/2466] Imported Tanzee Effigy [Relic_06]
[2026-07-22 18:34:30] [SUCCESS] [1909/2466] Imported Depresso Effigy [Relic_07]
[2026-07-22 18:34:30] [SUCCESS] [1910/2466] Imported Cattiva Effigy [Relic_08]
[2026-07-22 18:34:31] [SUCCESS] [1911/2466] Imported Lunaris Effigy [Relic_09]
[2026-07-22 18:34:31] [SUCCESS] [1912/2466] Imported Relaxaurus Effigy [Relic_10]
[2026-07-22 18:34:31] [SUCCESS] [1913/2466] Imported Yakumo Effigy [Relic_11]
[2026-07-22 18:34:31] [SUCCESS] [1914/2466] Imported Mimog Effigy [Relic_12]
[2026-07-22 18:34:31] [SUCCESS] [1915/2466] Imported Building Repair Kit [RepairKit]
[2026-07-22 18:34:32] [SUCCESS] [1916/2466] Imported Rifle Ammo [RifleBullet]
[2026-07-22 18:34:32] [SUCCESS] [1917/2466] Imported en Text +74 [RocketLauncher_NPC]
[2026-07-22 18:34:32] [SUCCESS] [1918/2466] Imported en Text +75 [RocketLauncher_NPC_Otomo]
[2026-07-22 18:34:32] [SUCCESS] [1919/2466] Imported Coarse Ammo [RoughBullet]
[2026-07-22 18:34:33] [SUCCESS] [1920/2466] Imported Ruby [Ruby]
[2026-07-22 18:34:33] [SUCCESS] [1921/2466] Imported Salad [Salad]
[2026-07-22 18:34:33] [SUCCESS] [1922/2466] Imported Fishing Magnet [Salvage_TreasureBoxKey01]
[2026-07-22 18:34:33] [SUCCESS] [1923/2466] Imported Powerful Fishing Magnet [Salvage_TreasureBoxKey02]
[2026-07-22 18:34:33] [SUCCESS] [1924/2466] Imported en Text +76 [Sand]
[2026-07-22 18:34:34] [ERROR] [1925/2466] Failed Sandwich: Argument types do not match
[2026-07-22 18:34:34] [SUCCESS] [1926/2466] Imported Sapphire [Sapphire]
[2026-07-22 18:34:34] [SUCCESS] [1927/2466] Imported en Text +77 [Scales]
[2026-07-22 18:34:34] [SUCCESS] [1928/2466] Imported en Text +78 [Scales2]
[2026-07-22 18:34:35] [SUCCESS] [1929/2466] Imported Seafood Salad [Seafood_Salada]
[2026-07-22 18:34:35] [SUCCESS] [1930/2466] Imported Seafood Soup [SeafoodSoup]
[2026-07-22 18:34:35] [SUCCESS] [1931/2466] Imported en Text +79 [Seed_Tmp]
[2026-07-22 18:34:35] [SUCCESS] [1932/2466] Imported Semi-Auto Rifle [SemiAutoRifle]
[2026-07-22 18:34:36] [SUCCESS] [1933/2466] Imported Semi-Auto Rifle +1 [SemiAutoRifle_2]
[2026-07-22 18:34:36] [SUCCESS] [1934/2466] Imported Semi-Auto Rifle +2 [SemiAutoRifle_3]
[2026-07-22 18:34:36] [SUCCESS] [1935/2466] Imported Semi-Auto Rifle +3 [SemiAutoRifle_4]
[2026-07-22 18:34:36] [SUCCESS] [1936/2466] Imported Semi-Auto Rifle +4 [SemiAutoRifle_5]
[2026-07-22 18:34:36] [SUCCESS] [1937/2466] Imported Semi-Auto Shotgun [SemiAutoShotgun]
[2026-07-22 18:34:37] [SUCCESS] [1938/2466] Imported Semi-Auto Shotgun +1 [SemiAutoShotgun_2]
[2026-07-22 18:34:37] [SUCCESS] [1939/2466] Imported Semi-Auto Shotgun +2 [SemiAutoShotgun_3]
[2026-07-22 18:34:37] [SUCCESS] [1940/2466] Imported Semi-Auto Shotgun +3 [SemiAutoShotgun_4]
[2026-07-22 18:34:37] [SUCCESS] [1941/2466] Imported Semi-Auto Shotgun +4 [SemiAutoShotgun_5]
[2026-07-22 18:34:38] [SUCCESS] [1942/2466] Imported Hexolite Armor [SFArmor]
[2026-07-22 18:34:38] [SUCCESS] [1943/2466] Imported Hexolite Armor +1 [SFArmor_2]
[2026-07-22 18:34:38] [SUCCESS] [1944/2466] Imported Hexolite Armor +2 [SFArmor_3]
[2026-07-22 18:34:38] [SUCCESS] [1945/2466] Imported Hexolite Armor +3 [SFArmor_4]
[2026-07-22 18:34:38] [SUCCESS] [1946/2466] Imported Hexolite Armor +4 [SFArmor_5]
[2026-07-22 18:34:39] [SUCCESS] [1947/2466] Imported Cold Resistant Hexolite Armor [SFArmorCold]
[2026-07-22 18:34:39] [SUCCESS] [1948/2466] Imported Cold Resistant Hexolite Armor +1 [SFArmorCold_2]
[2026-07-22 18:34:39] [SUCCESS] [1949/2466] Imported Cold Resistant Hexolite Armor +2 [SFArmorCold_3]
[2026-07-22 18:34:39] [ERROR] [1950/2466] Failed SFArmorCold_4: Argument types do not match
[2026-07-22 18:34:40] [SUCCESS] [1951/2466] Imported Cold Resistant Hexolite Armor +4 [SFArmorCold_5]
[2026-07-22 18:34:40] [SUCCESS] [1952/2466] Imported Heat Resistant Hexolite Armor [SFArmorHeat]
[2026-07-22 18:34:40] [SUCCESS] [1953/2466] Imported Heat Resistant Hexolite Armor +1 [SFArmorHeat_2]
[2026-07-22 18:34:40] [SUCCESS] [1954/2466] Imported Heat Resistant Hexolite Armor +2 [SFArmorHeat_3]
[2026-07-22 18:34:40] [SUCCESS] [1955/2466] Imported Heat Resistant Hexolite Armor +3 [SFArmorHeat_4]
[2026-07-22 18:34:41] [SUCCESS] [1956/2466] Imported Heat Resistant Hexolite Armor +4 [SFArmorHeat_5]
[2026-07-22 18:34:41] [SUCCESS] [1957/2466] Imported Lightweight Hexolite Armor [SFArmorWeight]
[2026-07-22 18:34:41] [SUCCESS] [1958/2466] Imported Lightweight Hexolite Armor +1 [SFArmorWeight_2]
[2026-07-22 18:34:41] [SUCCESS] [1959/2466] Imported Lightweight Hexolite Armor +2 [SFArmorWeight_3]
[2026-07-22 18:34:42] [SUCCESS] [1960/2466] Imported Lightweight Hexolite Armor +3 [SFArmorWeight_4]
[2026-07-22 18:34:42] [SUCCESS] [1961/2466] Imported Lightweight Hexolite Armor +4 [SFArmorWeight_5]
[2026-07-22 18:34:42] [SUCCESS] [1962/2466] Imported Advanced Arrow [SFArrow]
[2026-07-22 18:34:42] [SUCCESS] [1963/2466] Imported Advanced Bow [SFBow]
[2026-07-22 18:34:42] [SUCCESS] [1964/2466] Imported Advanced Bow +1 [SFBow_2]
[2026-07-22 18:34:43] [SUCCESS] [1965/2466] Imported Advanced Bow +2 [SFBow_3]
[2026-07-22 18:34:43] [SUCCESS] [1966/2466] Imported Advanced Bow +3 [SFBow_4]
[2026-07-22 18:34:43] [SUCCESS] [1967/2466] Imported Advanced Bow +4 [SFBow_5]
[2026-07-22 18:34:43] [SUCCESS] [1968/2466] Imported Hexolite Helmet [SFHelmet]
[2026-07-22 18:34:44] [SUCCESS] [1969/2466] Imported Hexolite Helmet +1 [SFHelmet_2]
[2026-07-22 18:34:44] [SUCCESS] [1970/2466] Imported Hexolite Helmet +2 [SFHelmet_3]
[2026-07-22 18:34:44] [SUCCESS] [1971/2466] Imported Hexolite Helmet +3 [SFHelmet_4]
[2026-07-22 18:34:44] [SUCCESS] [1972/2466] Imported Hexolite Helmet +4 [SFHelmet_5]
[2026-07-22 18:34:44] [SUCCESS] [1973/2466] Imported en Text +80 [Sharkkid_Scale]
[2026-07-22 18:34:45] [SUCCESS] [1974/2466] Imported Common Shield [Shield_01]
[2026-07-22 18:34:45] [ERROR] [1975/2466] Failed Shield_02: Argument types do not match
[2026-07-22 18:34:45] [SUCCESS] [1976/2466] Imported Giga Shield [Shield_03]
[2026-07-22 18:34:45] [SUCCESS] [1977/2466] Imported Hyper Shield [Shield_04]
[2026-07-22 18:34:45] [SUCCESS] [1978/2466] Imported en Text +4 [Shield_05]
[2026-07-22 18:34:46] [SUCCESS] [1979/2466] Imported Ancient Shield [Shield_07]
[2026-07-22 18:34:46] [SUCCESS] [1980/2466] Imported Advanced Shield [Shield_SF]
[2026-07-22 18:34:46] [SUCCESS] [1981/2466] Imported Ultra Shield [Shield_Ultra]
[2026-07-22 18:34:46] [SUCCESS] [1982/2466] Imported en Text +82 [Shotgun_NPC]
[2026-07-22 18:34:47] [SUCCESS] [1983/2466] Imported en Text +83 [Shotgun_NPC_Otomo]
[2026-07-22 18:34:47] [SUCCESS] [1984/2466] Imported Shotgun Shell [ShotgunBullet]
[2026-07-22 18:34:47] [SUCCESS] [1985/2466] Imported Silicon [Silicon]
[2026-07-22 18:34:47] [SUCCESS] [1986/2466] Imported Single-Shot Rifle [SingleShotRifle]
[2026-07-22 18:34:47] [SUCCESS] [1987/2466] Imported Single-Shot Rifle +1 [SingleShotRifle_2]
[2026-07-22 18:34:48] [SUCCESS] [1988/2466] Imported Single-Shot Rifle +2 [SingleShotRifle_3]
[2026-07-22 18:34:48] [SUCCESS] [1989/2466] Imported Single-Shot Rifle +3 [SingleShotRifle_4]
[2026-07-22 18:34:48] [SUCCESS] [1990/2466] Imported Single-Shot Rifle +4 [SingleShotRifle_5]
[2026-07-22 18:34:48] [SUCCESS] [1991/2466] Imported Water Skill Fruit: Acid Rain [SkillCard_AcidRain]
[2026-07-22 18:34:49] [SUCCESS] [1992/2466] Imported Skill Fruit: Air Blade [SkillCard_AirBlade]
[2026-07-22 18:34:49] [SUCCESS] [1993/2466] Imported Skill Fruit: Air Cannon [SkillCard_AirCanon]
[2026-07-22 18:34:49] [SUCCESS] [1994/2466] Imported Dark Skill Fruit: Apocalypse [SkillCard_Apocalypse]
[2026-07-22 18:34:49] [SUCCESS] [1995/2466] Imported Water Skill Fruit: Hydro Jet [SkillCard_AquaJet]
[2026-07-22 18:34:50] [SUCCESS] [1996/2466] Imported Dragon Skill Fruit: Beam Slicer [SkillCard_BeamSlicer]
[2026-07-22 18:34:50] [SUCCESS] [1997/2466] Imported Dragon Skill Fruit: Blast Cannon [SkillCard_BlastCanon]
[2026-07-22 18:34:50] [SUCCESS] [1998/2466] Imported Ice Skill Fruit: Iceberg [SkillCard_BlizzardLance]
[2026-07-22 18:34:50] [SUCCESS] [1999/2466] Imported Water Skill Fruit: Bubble Blast [SkillCard_BubbleShot]
[2026-07-22 18:34:50] [ERROR] [2000/2466] Failed SkillCard_BubbleShower: Argument types do not match
[2026-07-22 18:34:51] [SUCCESS] [2001/2466] Imported Dragon Skill Fruit: Charge Cannon [SkillCard_ChargeCanon]
[2026-07-22 18:34:51] [SUCCESS] [2002/2466] Imported Dragon Skill Fruit: Comet [SkillCard_Commet]
[2026-07-22 18:34:51] [SUCCESS] [2003/2466] Imported Grass Skill Fruit: Crosswind [SkillCard_CrossWind]
[2026-07-22 18:34:51] [SUCCESS] [2004/2466] Imported Dark Skill Fruit: Dark Arrow [SkillCard_DarkArrow]
[2026-07-22 18:34:52] [SUCCESS] [2005/2466] Imported Dark Skill Fruit: Dark Cannon [SkillCard_DarkCanon]
[2026-07-22 18:34:52] [SUCCESS] [2006/2466] Imported Dark Skill Fruit: Dark Laser [SkillCard_DarkLaser]
[2026-07-22 18:34:52] [SUCCESS] [2007/2466] Imported Dark Skill Fruit: Dark Whisp [SkillCard_DarkLegion]
[2026-07-22 18:34:52] [SUCCESS] [2008/2466] Imported Dark Skill Fruit: Umbral Surge [SkillCard_DarkPulse]
[2026-07-22 18:34:52] [SUCCESS] [2009/2466] Imported Dark Skill Fruit: Shadow Burst [SkillCard_DarkWave]
[2026-07-22 18:34:53] [SUCCESS] [2010/2466] Imported Ice Skill Fruit: Diamond Rain [SkillCard_DiamondFall]
[2026-07-22 18:34:53] [SUCCESS] [2011/2466] Imported Water Skill Fruit: Torrential Blast [SkillCard_DiversionLaser]
[2026-07-22 18:34:53] [SUCCESS] [2012/2466] Imported Dragon Skill Fruit: Dragon Breath [SkillCard_DragonBreath]
[2026-07-22 18:34:53] [SUCCESS] [2013/2466] Imported Dragon Skill Fruit: Dragon Cannon [SkillCard_DragonCanon]
[2026-07-22 18:34:54] [SUCCESS] [2014/2466] Imported Dragon Skill Fruit: Dragon Meteor [SkillCard_DragonMeteor]
[2026-07-22 18:34:54] [SUCCESS] [2015/2466] Imported Dragon Skill Fruit: Dragon Burst [SkillCard_DragonWave]
[2026-07-22 18:34:54] [SUCCESS] [2016/2466] Imported Electric Skill Fruit: Shockwave [SkillCard_ElecWave]
[2026-07-22 18:34:54] [SUCCESS] [2017/2466] Imported Fire Skill Fruit: Volcanic Rain [SkillCard_Eruption]
[2026-07-22 18:34:54] [SUCCESS] [2018/2466] Imported Fire Skill Fruit: Fire Ball [SkillCard_FireBall]
[2026-07-22 18:34:55] [SUCCESS] [2019/2466] Imported Fire Skill Fruit: Ignis Blast [SkillCard_FireBlast]
[2026-07-22 18:34:55] [SUCCESS] [2020/2466] Imported Fire Skill Fruit: Spirit Fire [SkillCard_FireSeed]
[2026-07-22 18:34:55] [SUCCESS] [2021/2466] Imported Fire Skill Fruit: Flame Funnel [SkillCard_FlameFunnel]
[2026-07-22 18:34:55] [SUCCESS] [2022/2466] Imported Fire Skill Fruit: Ignis Breath [SkillCard_Flamethrower]
[2026-07-22 18:34:56] [SUCCESS] [2023/2466] Imported Fire Skill Fruit: Flame Wall [SkillCard_FlameWall]
[2026-07-22 18:34:56] [SUCCESS] [2024/2466] Imported Fire Skill Fruit: Flare Arrow [SkillCard_FlareArrow]
[2026-07-22 18:34:56] [ERROR] [2025/2466] Failed SkillCard_FlareTornado: Argument types do not match
[2026-07-22 18:34:56] [SUCCESS] [2026/2466] Imported Ice Skill Fruit: Crystal Breath [SkillCard_FrostBreath]
[2026-07-22 18:34:56] [SUCCESS] [2027/2466] Imported Dark Skill Fruit: Spirit Flame [SkillCard_GhostFlame]
[2026-07-22 18:34:57] [SUCCESS] [2028/2466] Imported Grass Skill Fruit: Grass Tornado [SkillCard_GrassTornado]
[2026-07-22 18:34:57] [SUCCESS] [2029/2466] Imported Dark Skill Fruit: Dark Shot [SkillCard_GravityShot]
[2026-07-22 18:34:57] [SUCCESS] [2030/2466] Imported Skill Fruit: Holy Burst [SkillCard_HolyBlast]
[2026-07-22 18:34:57] [SUCCESS] [2031/2466] Imported Water Skill Fruit: Hydro Laser [SkillCard_HydroPump]
[2026-07-22 18:34:58] [SUCCESS] [2032/2466] Imported Water Skill Fruit: Hydro Slicer [SkillCard_HydroSlicer]
[2026-07-22 18:34:58] [SUCCESS] [2033/2466] Imported Skill Fruit: Pal Blast [SkillCard_HyperBeam]
[2026-07-22 18:34:58] [SUCCESS] [2034/2466] Imported Ice Skill Fruit: Absolute Frost [SkillCard_IceAge]
[2026-07-22 18:34:58] [SUCCESS] [2035/2466] Imported Ice Skill Fruit: Icicle Cutter [SkillCard_IceBlade]
[2026-07-22 18:34:58] [SUCCESS] [2036/2466] Imported Ice Skill Fruit: Ice Missile [SkillCard_IceMissile]
[2026-07-22 18:34:59] [SUCCESS] [2037/2466] Imported Ice Skill Fruit: Freeze Wall [SkillCard_IceWall]
[2026-07-22 18:34:59] [SUCCESS] [2038/2466] Imported Ice Skill Fruit: Icicle Line [SkillCard_IcicleLine]
[2026-07-22 18:34:59] [SUCCESS] [2039/2466] Imported Ice Skill Fruit: Icicle Bullet [SkillCard_IciclePierce]
[2026-07-22 18:34:59] [SUCCESS] [2040/2466] Imported Ice Skill Fruit: Blizzard Spike [SkillCard_IcicleThrow]
[2026-07-22 18:35:00] [SUCCESS] [2041/2466] Imported Fire Skill Fruit: Ignis Rage [SkillCard_Inferno]
[2026-07-22 18:35:00] [SUCCESS] [2042/2466] Imported Electric Skill Fruit: Lightning Strike [SkillCard_LightningStrike]
[2026-07-22 18:35:00] [SUCCESS] [2043/2466] Imported Water Skill Fruit: Splash [SkillCard_LineGeyser]
[2026-07-22 18:35:00] [SUCCESS] [2044/2466] Imported Electric Skill Fruit: Lightning Streak [SkillCard_LineThunder]
[2026-07-22 18:35:00] [SUCCESS] [2045/2466] Imported Electric Skill Fruit: Lock-on Laser [SkillCard_LockonLaser]
[2026-07-22 18:35:01] [SUCCESS] [2046/2466] Imported Ground Skill Fruit: Bog Blast [SkillCard_MudShot]
[2026-07-22 18:35:01] [SUCCESS] [2047/2466] Imported Dark Skill Fruit: Poison Blast [SkillCard_PoisonShot]
[2026-07-22 18:35:01] [SUCCESS] [2048/2466] Imported Skill Fruit: Power Bomb [SkillCard_PowerBall]
[2026-07-22 18:35:01] [SUCCESS] [2049/2466] Imported Skill Fruit: Power Shot [SkillCard_PowerShot]
[2026-07-22 18:35:02] [ERROR] [2050/2466] Failed SkillCard_Psychokinesis: Argument types do not match
[2026-07-22 18:35:02] [SUCCESS] [2051/2466] Imported Thunder Skill Fruit: All Range Thunder [SkillCard_RangeThunder]
[2026-07-22 18:35:02] [SUCCESS] [2052/2466] Imported Grass Skill Fruit: Reflect Leaf [SkillCard_ReflectiveShuriken]
[2026-07-22 18:35:02] [SUCCESS] [2053/2466] Imported Water Skill Fruit: Aqua Surge [SkillCard_RipTide]
[2026-07-22 18:35:02] [SUCCESS] [2054/2466] Imported Ground Skill Fruit: Rocky Impact [SkillCard_RockBeat]
[2026-07-22 18:35:03] [SUCCESS] [2055/2466] Imported Ground Skill Fruit: Rock Lance [SkillCard_RockLance]
[2026-07-22 18:35:03] [SUCCESS] [2056/2466] Imported Grass Skill Fruit: Spine Vine [SkillCard_RootAttack]
[2026-07-22 18:35:03] [SUCCESS] [2057/2466] Imported Grass Skill Fruit: Circle Vine [SkillCard_RootLance]
[2026-07-22 18:35:03] [SUCCESS] [2058/2466] Imported Ground Skill Fruit: Sand Tornado [SkillCard_SandTornado]
[2026-07-22 18:35:04] [SUCCESS] [2059/2466] Imported Ground Skill Fruit: Sand Twister [SkillCard_SandTwister]
[2026-07-22 18:35:04] [SUCCESS] [2060/2466] Imported Water Skill Fruit: Geyser Gush [SkillCard_SeaGush]
[2026-07-22 18:35:04] [SUCCESS] [2061/2466] Imported Grass Skill Fruit: Seed Machine Gun [SkillCard_SeedMachinegun]
[2026-07-22 18:35:04] [SUCCESS] [2062/2466] Imported Grass Skill Fruit: Seed Mine [SkillCard_SeedMine]
[2026-07-22 18:35:04] [SUCCESS] [2063/2466] Imported Skill Fruit: Implode [SkillCard_SelfDestruct]
[2026-07-22 18:35:05] [SUCCESS] [2064/2466] Imported Dark Skill Fruit: Nightmare Ball [SkillCard_ShadowBall]
[2026-07-22 18:35:05] [SUCCESS] [2065/2466] Imported Grass Skill Fruit: Solar Blast [SkillCard_SolarBeam]
[2026-07-22 18:35:05] [SUCCESS] [2066/2466] Imported Grass Skill Fruit: Multicutter [SkillCard_SpecialCutter]
[2026-07-22 18:35:05] [SUCCESS] [2067/2466] Imported Electric Skill Fruit: Spark Blast [SkillCard_SpreadPulse]
[2026-07-22 18:35:06] [SUCCESS] [2068/2466] Imported Ground Skill Fruit: Stone Blast [SkillCard_StoneShotgun]
[2026-07-22 18:35:06] [SUCCESS] [2069/2466] Imported Electric Skill Fruit: Tri-Lightning [SkillCard_ThreeThunder]
[2026-07-22 18:35:06] [SUCCESS] [2070/2466] Imported Ground Skill Fruit: Stone Cannon [SkillCard_ThrowRock]
[2026-07-22 18:35:06] [SUCCESS] [2071/2466] Imported Electric Skill Fruit: Electric Ball [SkillCard_ThunderBall]
[2026-07-22 18:35:06] [SUCCESS] [2072/2466] Imported Electric Skill Fruit: Lightning Bolt [SkillCard_Thunderbolt]
[2026-07-22 18:35:07] [SUCCESS] [2073/2466] Imported Electric Skill Fruit: Plasma Funnel [SkillCard_ThunderFunnel]
[2026-07-22 18:35:07] [SUCCESS] [2074/2466] Imported Electric Skill Fruit: Thunder Rain [SkillCard_ThunderRain]
[2026-07-22 18:35:07] [ERROR] [2075/2466] Failed SkillCard_ThunderSpear: Argument types do not match
[2026-07-22 18:35:07] [SUCCESS] [2076/2466] Imported Electric Skill Fruit: Thunderstorm [SkillCard_ThunderStorm]
[2026-07-22 18:35:08] [SUCCESS] [2077/2466] Imported Ground Skill Fruit: Rockburst [SkillCard_Tremor]
[2026-07-22 18:35:08] [SUCCESS] [2078/2466] Imported Electric Skill Fruit: TriSpark [SkillCard_TriSpark]
[2026-07-22 18:35:08] [SUCCESS] [2079/2466] Imported Water Skill Fruit: Curtain Splash [SkillCard_WallSplash]
[2026-07-22 18:35:08] [SUCCESS] [2080/2466] Imported Water Skill Fruit: Aqua Burst [SkillCard_WaterBall]
[2026-07-22 18:35:08] [SUCCESS] [2081/2466] Imported Water Skill Fruit: Aqua Gun [SkillCard_WaterGun]
[2026-07-22 18:35:09] [SUCCESS] [2082/2466] Imported Grass Skill Fruit: Wind Blast [SkillCard_WindBurst]
[2026-07-22 18:35:09] [SUCCESS] [2083/2466] Imported Grass Skill Fruit: Wind Cutter [SkillCard_WindCutter]
[2026-07-22 18:35:09] [SUCCESS] [2084/2466] Imported Melpaca Saddle [SkillUnlock_Alpaca]
[2026-07-22 18:35:09] [SUCCESS] [2085/2466] Imported Kitsun Saddle [SkillUnlock_AmaterasuWolf]
[2026-07-22 18:35:10] [SUCCESS] [2086/2466] Imported Kitsun Noct Saddle [SkillUnlock_AmaterasuWolf_Dark]
[2026-07-22 18:35:10] [SUCCESS] [2087/2466] Imported Nyafia's Shotgun [SkillUnlock_BadCatgirl]
[2026-07-22 18:35:10] [SUCCESS] [2088/2466] Imported Vanwyrm Saddle [SkillUnlock_BirdDragon]
[2026-07-22 18:35:10] [SUCCESS] [2089/2466] Imported Vanwyrm Cryst Saddle [SkillUnlock_BirdDragon_Ice]
[2026-07-22 18:35:10] [SUCCESS] [2090/2466] Imported Necromus Saddle [SkillUnlock_BlackCentaur]
[2026-07-22 18:35:11] [SUCCESS] [2091/2466] Imported Dragostrophe's Shotgun [SkillUnlock_BlackFurDragon]
[2026-07-22 18:35:11] [SUCCESS] [2092/2466] Imported Shadowbeak Saddle [SkillUnlock_BlackGriffon]
[2026-07-22 18:35:11] [SUCCESS] [2093/2466] Imported Astegon Saddle [SkillUnlock_BlackMetalDragon]
[2026-07-22 18:35:11] [SUCCESS] [2094/2466] Imported Smokie's Harness [SkillUnlock_BlackPuppy]
[2026-07-22 18:35:12] [SUCCESS] [2095/2466] Imported Smokie Cryst's Harness [SkillUnlock_BlackPuppy_Ice]
[2026-07-22 18:35:12] [SUCCESS] [2096/2466] Imported Azurobe Saddle [SkillUnlock_BlueDragon]
[2026-07-22 18:35:12] [SUCCESS] [2097/2466] Imported Azurobe Cryst Saddle [SkillUnlock_BlueDragon_Ice]
[2026-07-22 18:35:12] [SUCCESS] [2098/2466] Imported Shaolong Saddle [SkillUnlock_BlueSkyDragon]
[2026-07-22 18:35:12] [SUCCESS] [2099/2466] Imported Azurmane Saddle [SkillUnlock_BlueThunderHorse]
[2026-07-22 18:35:13] [ERROR] [2100/2466] Failed SkillUnlock_Boar: Argument types do not match
[2026-07-22 18:35:13] [SUCCESS] [2101/2466] Imported Lifmunk's Submachine Gun [SkillUnlock_Carbunclo]
[2026-07-22 18:35:13] [SUCCESS] [2102/2466] Imported Tocotoco's Gloves [SkillUnlock_ColorfulBird]
[2026-07-22 18:35:13] [SUCCESS] [2103/2466] Imported Tetroise Saddle [SkillUnlock_CubeTurtle]
[2026-07-22 18:35:14] [SUCCESS] [2104/2466] Imported Tetroise Primo Saddle [SkillUnlock_CubeTurtle_Neutral]
[2026-07-22 18:35:14] [SUCCESS] [2105/2466] Imported Xenolord Saddle [SkillUnlock_DarkMechaDragon]
[2026-07-22 18:35:14] [SUCCESS] [2106/2466] Imported en_text's Power Converter [SkillUnlock_DarkMutant]
[2026-07-22 18:35:14] [SUCCESS] [2107/2466] Imported Eikthyrdeer Saddle [SkillUnlock_Deer]
[2026-07-22 18:35:14] [SUCCESS] [2108/2466] Imported Eikthyrdeer Terra Saddle [SkillUnlock_Deer_Ground]
[2026-07-22 18:35:15] [SUCCESS] [2109/2466] Imported Aegidron Saddle [SkillUnlock_DomeArmorDragon]
[2026-07-22 18:35:15] [SUCCESS] [2110/2466] Imported Daedream's Necklace [SkillUnlock_DreamDemon]
[2026-07-22 18:35:15] [SUCCESS] [2111/2466] Imported Digtoise's Headband [SkillUnlock_DrillGame]
[2026-07-22 18:35:15] [SUCCESS] [2112/2466] Imported Galeclaw's Gloves [SkillUnlock_Eagle]
[2026-07-22 18:35:16] [SUCCESS] [2113/2466] Imported Boltmane Saddle [SkillUnlock_ElecLion]
[2026-07-22 18:35:16] [SUCCESS] [2114/2466] Imported Grizzbolt's Minigun [SkillUnlock_ElecPanda]
[2026-07-22 18:35:16] [SUCCESS] [2115/2466] Imported Elphidran Saddle [SkillUnlock_FairyDragon]
[2026-07-22 18:35:16] [SUCCESS] [2116/2466] Imported Elphidran Aqua Saddle [SkillUnlock_FairyDragon_Water]
[2026-07-22 18:35:16] [SUCCESS] [2117/2466] Imported Dazemu Saddle [SkillUnlock_FeatherOstrich]
[2026-07-22 18:35:17] [SUCCESS] [2118/2466] Imported Fenglope Saddle [SkillUnlock_FengyunDeeper]
[2026-07-22 18:35:17] [SUCCESS] [2119/2466] Imported Fenglope Lux Saddle [SkillUnlock_FengyunDeeper_Electric]
[2026-07-22 18:35:17] [SUCCESS] [2120/2466] Imported Pyrin Saddle [SkillUnlock_FireKirin]
[2026-07-22 18:35:17] [SUCCESS] [2121/2466] Imported Pyrin Noct Saddle [SkillUnlock_FireKirin_Dark]
[2026-07-22 18:35:18] [SUCCESS] [2122/2466] Imported Arsox Saddle [SkillUnlock_FlameBuffalo]
[2026-07-22 18:35:18] [SUCCESS] [2123/2466] Imported Dinossom Saddle [SkillUnlock_FlowerDinosaur]
[2026-07-22 18:35:18] [SUCCESS] [2124/2466] Imported Dinossom Lux Saddle [SkillUnlock_FlowerDinosaur_Electric]
[2026-07-22 18:35:18] [ERROR] [2125/2466] Failed SkillUnlock_FlowerRabbit: Argument types do not match
[2026-07-22 18:35:18] [SUCCESS] [2126/2466] Imported Celaray's Gloves [SkillUnlock_FlyingManta]
[2026-07-22 18:35:19] [SUCCESS] [2127/2466] Imported Celaray Lux's Gloves [SkillUnlock_FlyingManta_Thunder]
[2026-07-22 18:35:19] [SUCCESS] [2128/2466] Imported Direhowl's Saddled Harness [SkillUnlock_Garm]
[2026-07-22 18:35:19] [SUCCESS] [2129/2466] Imported Ghangler Saddle [SkillUnlock_GhostAnglerfish]
[2026-07-22 18:35:19] [SUCCESS] [2130/2466] Imported Ghangler Ignis Saddle [SkillUnlock_GhostAnglerfish_Fire]
[2026-07-22 18:35:20] [SUCCESS] [2131/2466] Imported Maraith Saddle [SkillUnlock_GhostBeast]
[2026-07-22 18:35:20] [SUCCESS] [2132/2466] Imported Eidrolon Saddle [SkillUnlock_GhostDragon]
[2026-07-22 18:35:20] [SUCCESS] [2133/2466] Imported Eidrolon Ignis Saddle [SkillUnlock_GhostDragon_Fire]
[2026-07-22 18:35:20] [SUCCESS] [2134/2466] Imported Gildane Saddle [SkillUnlock_GoldenHorse]
[2026-07-22 18:35:20] [SUCCESS] [2135/2466] Imported Dualith Saddle [SkillUnlock_GrassGolem]
[2026-07-22 18:35:21] [SUCCESS] [2136/2466] Imported Dualith Noct Saddle [SkillUnlock_GrassGolem_Dark]
[2026-07-22 18:35:21] [SUCCESS] [2137/2466] Imported Mammorest Saddle [SkillUnlock_GrassMammoth]
[2026-07-22 18:35:21] [SUCCESS] [2138/2466] Imported Mammorest Cryst Saddle [SkillUnlock_GrassMammoth_Ice]
[2026-07-22 18:35:21] [SUCCESS] [2139/2466] Imported Mossanda's Grenade Launcher [SkillUnlock_GrassPanda]
[2026-07-22 18:35:22] [SUCCESS] [2140/2466] Imported Mossanda Lux's Grenade Launcher [SkillUnlock_GrassPanda_Electric]
[2026-07-22 18:35:22] [SUCCESS] [2141/2466] Imported Yakumo Saddle [SkillUnlock_GuardianDog]
[2026-07-22 18:35:22] [SUCCESS] [2142/2466] Imported Helzephyr Saddle [SkillUnlock_HadesBird]
[2026-07-22 18:35:22] [SUCCESS] [2143/2466] Imported Helzephyr Lux Saddle [SkillUnlock_HadesBird_Electric]
[2026-07-22 18:35:23] [SUCCESS] [2144/2466] Imported Nitewing Saddle [SkillUnlock_HawkBird]
[2026-07-22 18:35:23] [SUCCESS] [2145/2466] Imported Jolthog's Gloves [SkillUnlock_Hedgehog]
[2026-07-22 18:35:23] [SUCCESS] [2146/2466] Imported Jolthog Cryst's Gloves [SkillUnlock_Hedgehog_Ice]
[2026-07-22 18:35:23] [SUCCESS] [2147/2466] Imported Faleris Saddle [SkillUnlock_Horus]
[2026-07-22 18:35:23] [SUCCESS] [2148/2466] Imported Faleris Aqua Saddle [SkillUnlock_Horus_Water]
[2026-07-22 18:35:24] [SUCCESS] [2149/2466] Imported Reindrix Saddle [SkillUnlock_IceDeer]
[2026-07-22 18:35:24] [ERROR] [2150/2466] Failed SkillUnlock_IceHorse: Argument types do not match
[2026-07-22 18:35:24] [SUCCESS] [2151/2466] Imported Frostallion Noct Saddle [SkillUnlock_IceHorse_Dark]
[2026-07-22 18:35:24] [SUCCESS] [2152/2466] Imported Whalaska Saddle [SkillUnlock_IceNarwhal]
[2026-07-22 18:35:25] [SUCCESS] [2153/2466] Imported Whalaska Ignis Saddle [SkillUnlock_IceNarwhal_Fire]
[2026-07-22 18:35:25] [SUCCESS] [2154/2466] Imported Polapup Saddle [SkillUnlock_IceSeal]
[2026-07-22 18:35:25] [SUCCESS] [2155/2466] Imported Polapup Terra Saddle [SkillUnlock_IceSeal_Ground]
[2026-07-22 18:35:25] [SUCCESS] [2156/2466] Imported Jetragon's Missile Launcher [SkillUnlock_JetDragon]
[2026-07-22 18:35:25] [SUCCESS] [2157/2466] Imported Kingpaca Saddle [SkillUnlock_KingAlpaca]
[2026-07-22 18:35:26] [SUCCESS] [2158/2466] Imported Kingpaca Cryst Saddle [SkillUnlock_KingAlpaca_Ice]
[2026-07-22 18:35:26] [SUCCESS] [2159/2466] Imported Blazamut Saddle [SkillUnlock_KingBahamut]
[2026-07-22 18:35:26] [SUCCESS] [2160/2466] Imported Blazamut Ryu Saddle [SkillUnlock_KingBahamut_Dragon]
[2026-07-22 18:35:26] [SUCCESS] [2161/2466] Imported Solmora Saddle [SkillUnlock_KingSunfish]
[2026-07-22 18:35:27] [SUCCESS] [2162/2466] Imported Solmora Lux Saddle [SkillUnlock_KingSunfish_Thunder]
[2026-07-22 18:35:27] [SUCCESS] [2163/2466] Imported Univolt Saddle [SkillUnlock_Kirin]
[2026-07-22 18:35:27] [SUCCESS] [2164/2466] Imported Univolt Cryst Saddle [SkillUnlock_Kirin_Ice]
[2026-07-22 18:35:27] [SUCCESS] [2165/2466] Imported Foxparks' Harness [SkillUnlock_Kitsunebi]
[2026-07-22 18:35:28] [SUCCESS] [2166/2466] Imported Foxparks Cryst's Harness [SkillUnlock_Kitsunebi_Ice]
[2026-07-22 18:35:28] [SUCCESS] [2167/2466] Imported Relaxaurus' Missile Launcher [SkillUnlock_LazyDragon]
[2026-07-22 18:35:28] [SUCCESS] [2168/2466] Imported Relaxaurus Lux's Missile Launcher [SkillUnlock_LazyDragon_Electric]
[2026-07-22 18:35:28] [SUCCESS] [2169/2466] Imported Herbil's Harness [SkillUnlock_LeafMomonga]
[2026-07-22 18:35:28] [SUCCESS] [2170/2466] Imported Hartalis Saddle [SkillUnlock_LegendDeer]
[2026-07-22 18:35:29] [SUCCESS] [2171/2466] Imported Ophydia Saddle [SkillUnlock_LotusDragon]
[2026-07-22 18:35:29] [SUCCESS] [2172/2466] Imported Blazehowl Saddle [SkillUnlock_Manticore]
[2026-07-22 18:35:30] [SUCCESS] [2173/2466] Imported Blazehowl Noct Saddle [SkillUnlock_Manticore_Dark]
[2026-07-22 18:35:30] [SUCCESS] [2174/2466] Imported Tanzee's Assault Rifle [SkillUnlock_Monkey]
[2026-07-22 18:35:30] [ERROR] [2175/2466] Failed SkillUnlock_Monkey_Fire: Argument types do not match
[2026-07-22 18:35:31] [SUCCESS] [2176/2466] Imported Selyne Saddle [SkillUnlock_MoonQueen]
[2026-07-22 18:35:31] [SUCCESS] [2177/2466] Imported Sweepa Saddle [SkillUnlock_MopKing]
[2026-07-22 18:35:31] [SUCCESS] [2178/2466] Imported Shroomer Saddle [SkillUnlock_MushroomDragon]
[2026-07-22 18:35:31] [SUCCESS] [2179/2466] Imported Shroomer Noct Saddle [SkillUnlock_MushroomDragon_Dark]
[2026-07-22 18:35:31] [SUCCESS] [2180/2466] Imported Grintale Saddle [SkillUnlock_NaughtyCat]
[2026-07-22 18:35:32] [SUCCESS] [2181/2466] Imported Killamari's Gloves [SkillUnlock_NegativeOctopus]
[2026-07-22 18:35:32] [SUCCESS] [2182/2466] Imported Killamari Primo's Gloves [SkillUnlock_NegativeOctopus_Neutral]
[2026-07-22 18:35:33] [SUCCESS] [2183/2466] Imported Starryon Saddle [SkillUnlock_NightBlueHorse]
[2026-07-22 18:35:33] [SUCCESS] [2184/2466] Imported Starryon Primo Saddle [SkillUnlock_NightBlueHorse_Neutral]
[2026-07-22 18:35:33] [SUCCESS] [2185/2466] Imported Pengullet Rocket Launcher [SkillUnlock_Penguin]
[2026-07-22 18:35:33] [SUCCESS] [2186/2466] Imported Pengullet Lux's Rocket Launcher [SkillUnlock_Penguin_Electric]
[2026-07-22 18:35:34] [SUCCESS] [2187/2466] Imported Braloha Saddle [SkillUnlock_Plesiosaur]
[2026-07-22 18:35:34] [SUCCESS] [2188/2466] Imported Neptilius Saddle [SkillUnlock_PoseidonOrca]
[2026-07-22 18:35:34] [SUCCESS] [2189/2466] Imported Tarantriss Saddle [SkillUnlock_PurpleSpider]
[2026-07-22 18:35:34] [SUCCESS] [2190/2466] Imported Dazzi's Necklace [SkillUnlock_RaijinDaughter]
[2026-07-22 18:35:34] [SUCCESS] [2191/2466] Imported Dazzi Noct's Necklace [SkillUnlock_RaijinDaughter_Water]
[2026-07-22 18:35:35] [SUCCESS] [2192/2466] Imported Ragnahawk Saddle [SkillUnlock_RedArmorBird]
[2026-07-22 18:35:35] [SUCCESS] [2193/2466] Imported Paladius Saddle [SkillUnlock_SaintCentaur]
[2026-07-22 18:35:35] [SUCCESS] [2194/2466] Imported Broncherry Saddle [SkillUnlock_SakuraSaurus]
[2026-07-22 18:35:35] [SUCCESS] [2195/2466] Imported Broncherry Aqua Saddle [SkillUnlock_SakuraSaurus_Water]
[2026-07-22 18:35:36] [SUCCESS] [2196/2466] Imported Surfent Saddle [SkillUnlock_Serpent]
[2026-07-22 18:35:36] [SUCCESS] [2197/2466] Imported Surfent Terra Saddle [SkillUnlock_Serpent_Ground]
[2026-07-22 18:35:36] [SUCCESS] [2198/2466] Imported Quivern Saddle [SkillUnlock_SkyDragon]
[2026-07-22 18:35:36] [SUCCESS] [2199/2466] Imported Quivern Botan Saddle [SkillUnlock_SkyDragon_Grass]
[2026-07-22 18:35:37] [ERROR] [2200/2466] Failed SkillUnlock_SnowTigerBeastman: Argument types do not match
[2026-07-22 18:35:37] [SUCCESS] [2201/2466] Imported Bulldosu Saddle [SkillUnlock_SumoDog]
[2026-07-22 18:35:37] [SUCCESS] [2202/2466] Imported Suzaku Saddle [SkillUnlock_Suzaku]
[2026-07-22 18:35:37] [SUCCESS] [2203/2466] Imported Suzaku Aqua Saddle [SkillUnlock_Suzaku_Water]
[2026-07-22 18:35:37] [SUCCESS] [2204/2466] Imported Roujay Saddle [SkillUnlock_ThiefBird]
[2026-07-22 18:35:38] [SUCCESS] [2205/2466] Imported Beakon Saddle [SkillUnlock_ThunderBird]
[2026-07-22 18:35:38] [SUCCESS] [2206/2466] Imported Beakon Cryst Saddle [SkillUnlock_ThunderBird_Ice]
[2026-07-22 18:35:38] [SUCCESS] [2207/2466] Imported Rayhound Saddle [SkillUnlock_ThunderDog]
[2026-07-22 18:35:38] [SUCCESS] [2208/2466] Imported Rayhound Cryst Saddle [SkillUnlock_Thunderdog_Ice]
[2026-07-22 18:35:39] [SUCCESS] [2209/2466] Imported Dynamoff Saddle [SkillUnlock_ThunderFluffyBird]
[2026-07-22 18:35:39] [SUCCESS] [2210/2466] Imported Palumba Saddle [SkillUnlock_TropicalOstrich]
[2026-07-22 18:35:39] [SUCCESS] [2211/2466] Imported Jormuntide Saddle [SkillUnlock_Umihebi]
[2026-07-22 18:35:39] [SUCCESS] [2212/2466] Imported Jormuntide Ignis Saddle [SkillUnlock_Umihebi_Fire]
[2026-07-22 18:35:39] [SUCCESS] [2213/2466] Imported Reptyro Saddle [SkillUnlock_VolcanicMonster]
[2026-07-22 18:35:40] [SUCCESS] [2214/2466] Imported Reptyro Cryst Saddle [SkillUnlock_VolcanicMonster_Ice]
[2026-07-22 18:35:40] [SUCCESS] [2215/2466] Imported Moldron Saddle [SkillUnlock_VolcanoDragon]
[2026-07-22 18:35:40] [SUCCESS] [2216/2466] Imported Moldron Cryst Saddle [SkillUnlock_VolcanoDragon_Ice]
[2026-07-22 18:35:41] [SUCCESS] [2217/2466] Imported Chillet Saddle [SkillUnlock_WeaselDragon]
[2026-07-22 18:35:41] [SUCCESS] [2218/2466] Imported Chillet Ignis Saddle [SkillUnlock_WeaselDragon_Fire]
[2026-07-22 18:35:41] [SUCCESS] [2219/2466] Imported Xenogard Saddle [SkillUnlock_WhiteAlienDragon]
[2026-07-22 18:35:41] [SUCCESS] [2220/2466] Imported Celesdir Saddle [SkillUnlock_WhiteDeer]
[2026-07-22 18:35:42] [SUCCESS] [2221/2466] Imported Celesdir Noct Saddle [SkillUnlock_WhiteDeer_Dark]
[2026-07-22 18:35:42] [SUCCESS] [2222/2466] Imported Silvegis Saddle [SkillUnlock_WhiteShieldDragon]
[2026-07-22 18:35:42] [SUCCESS] [2223/2466] Imported Hangyu's Gloves [SkillUnlock_WindChimes]
[2026-07-22 18:35:42] [SUCCESS] [2224/2466] Imported Hangyu Cryst's Glove [SkillUnlock_WindChimes_Ice]
[2026-07-22 18:35:43] [ERROR] [2225/2466] Failed SkillUnlock_Yeti: Argument types do not match
[2026-07-22 18:35:43] [SUCCESS] [2226/2466] Imported Wumpo Botan Saddle [SkillUnlock_Yeti_Grass]
[2026-07-22 18:35:43] [SUCCESS] [2227/2466] Imported Heavy Assault Rifle [SkyAssaultRifle]
[2026-07-22 18:35:43] [SUCCESS] [2228/2466] Imported Heavy Assault Rifle +1 [SkyAssaultRifle_2]
[2026-07-22 18:35:43] [SUCCESS] [2229/2466] Imported Heavy Assault Rifle +2 [SkyAssaultRifle_3]
[2026-07-22 18:35:44] [SUCCESS] [2230/2466] Imported Heavy Assault Rifle +3 [SkyAssaultRifle_4]
[2026-07-22 18:35:44] [SUCCESS] [2231/2466] Imported Heavy Assault Rifle +4 [SkyAssaultRifle_5]
[2026-07-22 18:35:44] [SUCCESS] [2232/2466] Imported Heavy Assault Rifle Ammo [SkyAssaultRifleBullet]
[2026-07-22 18:35:44] [SUCCESS] [2233/2466] Imported Laser Sword [SkyBeamSword]
[2026-07-22 18:35:45] [SUCCESS] [2234/2466] Imported Laser Sword +1 [SkyBeamSword_2]
[2026-07-22 18:35:45] [SUCCESS] [2235/2466] Imported Laser Sword +2 [SkyBeamSword_3]
[2026-07-22 18:35:45] [SUCCESS] [2236/2466] Imported Laser Sword +3 [SkyBeamSword_4]
[2026-07-22 18:35:45] [SUCCESS] [2237/2466] Imported Laser Sword +4 [SkyBeamSword_5]
[2026-07-22 18:35:45] [SUCCESS] [2238/2466] Imported Mechanical Bow [SkyBow]
[2026-07-22 18:35:46] [SUCCESS] [2239/2466] Imported Mechanical Bow +1 [SkyBow_2]
[2026-07-22 18:35:46] [SUCCESS] [2240/2466] Imported Mechanical Bow +2 [SkyBow_3]
[2026-07-22 18:35:46] [SUCCESS] [2241/2466] Imported Mechanical Bow +3 [SkyBow_4]
[2026-07-22 18:35:46] [SUCCESS] [2242/2466] Imported Mechanical Bow +4 [SkyBow_5]
[2026-07-22 18:35:47] [SUCCESS] [2243/2466] Imported Mechanical Bow Ammo [SkyBowArrow]
[2026-07-22 18:35:47] [SUCCESS] [2244/2466] Imported Tactical Grenade Launcher [SkyGrenadeLauncher]
[2026-07-22 18:35:47] [SUCCESS] [2245/2466] Imported Tactical Grenade Launcher +1 [SkyGrenadeLauncher_2]
[2026-07-22 18:35:47] [SUCCESS] [2246/2466] Imported Tactical Grenade Launcher +2 [SkyGrenadeLauncher_3]
[2026-07-22 18:35:47] [SUCCESS] [2247/2466] Imported Tactical Grenade Launcher +3 [SkyGrenadeLauncher_4]
[2026-07-22 18:35:48] [SUCCESS] [2248/2466] Imported Tactical Grenade Launcher +4 [SkyGrenadeLauncher_5]
[2026-07-22 18:35:48] [SUCCESS] [2249/2466] Imported Tactical Grenade Launcher Ammo [SkyGrenadeLauncherBullet]
[2026-07-22 18:35:48] [ERROR] [2250/2466] Failed SkyHeavyBullet: Argument types do not match
[2026-07-22 18:35:48] [SUCCESS] [2251/2466] Imported Soralite Ingot [SkyislandIngot]
[2026-07-22 18:35:49] [SUCCESS] [2252/2466] Imported Soralite [SkyIslandOre]
[2026-07-22 18:35:49] [SUCCESS] [2253/2466] Imported Sunreach Rapid-Fire Ammo [SkyLightBullet]
[2026-07-22 18:35:49] [SUCCESS] [2254/2466] Imported Prototype Shotgun [SkyShotgun]
[2026-07-22 18:35:49] [SUCCESS] [2255/2466] Imported Prototype Shotgun +1 [SkyShotgun_2]
[2026-07-22 18:35:49] [SUCCESS] [2256/2466] Imported Prototype Shotgun +2 [SkyShotgun_3]
[2026-07-22 18:35:50] [SUCCESS] [2257/2466] Imported Prototype Shotgun +3 [SkyShotgun_4]
[2026-07-22 18:35:50] [SUCCESS] [2258/2466] Imported Prototype Shotgun +4 [SkyShotgun_5]
[2026-07-22 18:35:50] [SUCCESS] [2259/2466] Imported Prototype Shotgun Ammo [SkyShotgunBullet]
[2026-07-22 18:35:50] [SUCCESS] [2260/2466] Imported Combat SMG [SkySubmachineGun]
[2026-07-22 18:35:50] [SUCCESS] [2261/2466] Imported Combat SMG +1 [SkySubmachineGun_2]
[2026-07-22 18:35:51] [SUCCESS] [2262/2466] Imported Combat SMG +2 [SkySubmachineGun_3]
[2026-07-22 18:35:51] [SUCCESS] [2263/2466] Imported Combat SMG +3 [SkySubmachineGun_4]
[2026-07-22 18:35:51] [SUCCESS] [2264/2466] Imported Combat SMG +4 [SkySubmachineGun_5]
[2026-07-22 18:35:51] [SUCCESS] [2265/2466] Imported Combat SMG Ammo [SkySubmachineGunBullet]
[2026-07-22 18:35:52] [SUCCESS] [2266/2466] Imported en Text +84 [SmallBullet]
[2026-07-22 18:35:52] [SUCCESS] [2267/2466] Imported en Text +85 [SniperRifle_Default]
[2026-07-22 18:35:52] [SUCCESS] [2268/2466] Imported Stone Spear [Spear]
[2026-07-22 18:35:52] [SUCCESS] [2269/2466] Imported Metal Spear [Spear_2]
[2026-07-22 18:35:53] [SUCCESS] [2270/2466] Imported Refined Metal Spear [Spear_3]
[2026-07-22 18:35:53] [SUCCESS] [2271/2466] Imported Lily's Spear [Spear_ForestBoss]
[2026-07-22 18:35:53] [SUCCESS] [2272/2466] Imported Lily's Spear +4 [Spear_ForestBoss_5]
[2026-07-22 18:35:53] [SUCCESS] [2273/2466] Imported Enhanced Lily's Spear [Spear_ForestBoss2]
[2026-07-22 18:35:53] [SUCCESS] [2274/2466] Imported Enhanced Lily's Spear +4 [Spear_ForestBoss2_5]
[2026-07-22 18:35:54] [ERROR] [2275/2466] Failed Spear_QueenBee: Argument types do not match
[2026-07-22 18:35:54] [SUCCESS] [2276/2466] Imported Beegarde's Spear [Spear_SoldierBee]
[2026-07-22 18:35:54] [SUCCESS] [2277/2466] Imported Scatter Sphere Launcher [SphereLauncher]
[2026-07-22 18:35:54] [SUCCESS] [2278/2466] Imported Single-Shot Sphere Launcher [SphereLauncher_Once]
[2026-07-22 18:35:54] [SUCCESS] [2279/2466] Imported Curve Module [SphereModule_Curve]
[2026-07-22 18:35:55] [SUCCESS] [2280/2466] Imported Slider Module [SphereModule_Curve2]
[2026-07-22 18:35:55] [SUCCESS] [2281/2466] Imported Heavy Weight Module [SphereModule_Heavy]
[2026-07-22 18:35:55] [SUCCESS] [2282/2466] Imported Homing Module [SphereModule_Homing]
[2026-07-22 18:35:55] [SUCCESS] [2283/2466] Imported Sniper Module [SphereModule_Sniper]
[2026-07-22 18:35:56] [SUCCESS] [2284/2466] Imported Sniper Module II [SphereModule_Sniper2]
[2026-07-22 18:35:56] [SUCCESS] [2285/2466] Imported Spring Rolls [SpringRolls]
[2026-07-22 18:35:56] [SUCCESS] [2286/2466] Imported Hexolite [StainlessSteel]
[2026-07-22 18:35:56] [SUCCESS] [2287/2466] Imported Memory Wiping Medicine [StatusPointResetSan]
[2026-07-22 18:35:56] [SUCCESS] [2288/2466] Imported Pal Metal Armor [StealArmor]
[2026-07-22 18:35:57] [SUCCESS] [2289/2466] Imported Pal Metal Armor +1 [StealArmor_2]
[2026-07-22 18:35:57] [SUCCESS] [2290/2466] Imported Pal Metal Armor +2 [StealArmor_3]
[2026-07-22 18:35:57] [SUCCESS] [2291/2466] Imported Pal Metal Armor +3 [StealArmor_4]
[2026-07-22 18:35:57] [SUCCESS] [2292/2466] Imported Pal Metal Armor +4 [StealArmor_5]
[2026-07-22 18:35:58] [SUCCESS] [2293/2466] Imported Cold Resistant Pal Metal Armor [StealArmorCold]
[2026-07-22 18:35:58] [SUCCESS] [2294/2466] Imported Cold Resistant Pal Metal Armor +1 [StealArmorCold_2]
[2026-07-22 18:35:58] [SUCCESS] [2295/2466] Imported Cold Resistant Pal Metal Armor +2 [StealArmorCold_3]
[2026-07-22 18:35:58] [SUCCESS] [2296/2466] Imported Cold Resistant Pal Metal Armor +3 [StealArmorCold_4]
[2026-07-22 18:35:58] [SUCCESS] [2297/2466] Imported Cold Resistant Pal Metal Armor +4 [StealArmorCold_5]
[2026-07-22 18:35:59] [SUCCESS] [2298/2466] Imported Heat Resistant Pal Metal Armor [StealArmorHeat]
[2026-07-22 18:35:59] [SUCCESS] [2299/2466] Imported Heat Resistant Pal Metal Armor +1 [StealArmorHeat_2]
[2026-07-22 18:35:59] [ERROR] [2300/2466] Failed StealArmorHeat_3: Argument types do not match
[2026-07-22 18:35:59] [SUCCESS] [2301/2466] Imported Heat Resistant Pal Metal Armor +3 [StealArmorHeat_4]
[2026-07-22 18:36:00] [SUCCESS] [2302/2466] Imported Heat Resistant Pal Metal Armor +4 [StealArmorHeat_5]
[2026-07-22 18:36:00] [SUCCESS] [2303/2466] Imported Pal Metal Helm [StealHelmet]
[2026-07-22 18:36:00] [SUCCESS] [2304/2466] Imported Pal Metal Helm +1 [StealHelmet_2]
[2026-07-22 18:36:00] [SUCCESS] [2305/2466] Imported Pal Metal Helm +2 [StealHelmet_3]
[2026-07-22 18:36:01] [SUCCESS] [2306/2466] Imported Pal Metal Helm +3 [StealHelmet_4]
[2026-07-22 18:36:01] [SUCCESS] [2307/2466] Imported Pal Metal Helm +4 [StealHelmet_5]
[2026-07-22 18:36:01] [SUCCESS] [2308/2466] Imported Pal Metal Ingot [StealIngot]
[2026-07-22 18:36:01] [SUCCESS] [2309/2466] Imported Stew [Stew]
[2026-07-22 18:36:01] [SUCCESS] [2310/2466] Imported Reindrix Stew [StewedIceDeer]
[2026-07-22 18:36:02] [SUCCESS] [2311/2466] Imported Stir-Fried Vegetables [StirFriedVegetables]
[2026-07-22 18:36:02] [SUCCESS] [2312/2466] Imported Stone [Stone]
[2026-07-22 18:36:02] [SUCCESS] [2313/2466] Imported SMG [SubmachineGun]
[2026-07-22 18:36:02] [SUCCESS] [2314/2466] Imported SMG +1 [SubmachineGun_2]
[2026-07-22 18:36:03] [SUCCESS] [2315/2466] Imported SMG +2 [SubmachineGun_3]
[2026-07-22 18:36:03] [SUCCESS] [2316/2466] Imported SMG +3 [SubmachineGun_4]
[2026-07-22 18:36:03] [SUCCESS] [2317/2466] Imported SMG +4 [SubmachineGun_5]
[2026-07-22 18:36:03] [SUCCESS] [2318/2466] Imported Sulfur [Sulfur]
[2026-07-22 18:36:03] [SUCCESS] [2319/2466] Imported Nutrient Tonic [Supplement]
[2026-07-22 18:36:04] [SUCCESS] [2320/2466] Imported Cotton Candy [Sweet]
[2026-07-22 18:36:04] [SUCCESS] [2321/2466] Imported Caramel Cotton Candy [Sweet_Caramel]
[2026-07-22 18:36:04] [SUCCESS] [2322/2466] Imported Sword [Sword]
[2026-07-22 18:36:04] [SUCCESS] [2323/2466] Imported Sword +1 [Sword_2]
[2026-07-22 18:36:05] [SUCCESS] [2324/2466] Imported Sword +2 [Sword_3]
[2026-07-22 18:36:05] [ERROR] [2325/2466] Failed Sword_4: Argument types do not match
[2026-07-22 18:36:05] [SUCCESS] [2326/2466] Imported Sword +4 [Sword_5]
[2026-07-22 18:36:05] [SUCCESS] [2327/2466] Imported Advanced Technical Manual [TechnologyBook_G1]
[2026-07-22 18:36:05] [SUCCESS] [2328/2466] Imported Innovative Technical Manual [TechnologyBook_G2]
[2026-07-22 18:36:06] [SUCCESS] [2329/2466] Imported Futuristic Technical Manual [TechnologyBook_G3]
[2026-07-22 18:36:06] [SUCCESS] [2330/2466] Imported Unknown Item (TEST_BossDefeatReward) [TEST_BossDefeatReward]
[2026-07-22 18:36:06] [SUCCESS] [2331/2466] Imported Unknown Item (TEST_CaptureItemModifier) [TEST_CaptureItemModifier]
[2026-07-22 18:36:06] [SUCCESS] [2332/2466] Imported Thermal Core [Thermal_Core]
[2026-07-22 18:36:07] [SUCCESS] [2333/2466] Imported en Text +86 [ThrowStone]
[2026-07-22 18:36:07] [SUCCESS] [2334/2466] Imported Tomato [Tomato]
[2026-07-22 18:36:07] [SUCCESS] [2335/2466] Imported Tomato Seeds [TomatoSeeds]
[2026-07-22 18:36:07] [SUCCESS] [2336/2466] Imported Hand-Held Torch [Torch]
[2026-07-22 18:36:07] [SUCCESS] [2337/2466] Imported Copper Key [TreasureBoxKey01]
[2026-07-22 18:36:08] [SUCCESS] [2338/2466] Imported Silver Key [TreasureBoxKey02]
[2026-07-22 18:36:08] [SUCCESS] [2339/2466] Imported Gold Key [TreasureBoxKey03]
[2026-07-22 18:36:08] [SUCCESS] [2340/2466] Imported Treasure Map [TreasureMap01]
[2026-07-22 18:36:08] [SUCCESS] [2341/2466] Imported Treasure Map +1 [TreasureMap02]
[2026-07-22 18:36:09] [SUCCESS] [2342/2466] Imported Treasure Map +2 [TreasureMap03]
[2026-07-22 18:36:09] [SUCCESS] [2343/2466] Imported Treasure Map +3 [TreasureMap04]
[2026-07-22 18:36:09] [SUCCESS] [2344/2466] Imported Treasure Map +4 [TreasureMap05]
[2026-07-22 18:36:09] [SUCCESS] [2345/2466] Imported Toxin Filtering Membrane [UniqueMaterial_FlowerPrince]
[2026-07-22 18:36:09] [SUCCESS] [2346/2466] Imported Explosion-Resistant Fiber [UniqueMaterial_Mothman]
[2026-07-22 18:36:10] [SUCCESS] [2347/2466] Imported Huge Dung [Unko_L]
[2026-07-22 18:36:10] [SUCCESS] [2348/2466] Imported Dung [Unko_S]
[2026-07-22 18:36:10] [SUCCESS] [2349/2466] Imported Lockpicking Tool v1 [Unlock_Picking_Tier1]
[2026-07-22 18:36:10] [ERROR] [2350/2466] Failed Unlock_Picking_Tier2: Argument types do not match
[2026-07-22 18:36:11] [SUCCESS] [2351/2466] Imported Lockpicking Tool v3 [Unlock_Picking_Tier3]
[2026-07-22 18:36:11] [SUCCESS] [2352/2466] Imported Mysterious Accessory Box [UnlockEquipmentSlot_Accessory_01]
[2026-07-22 18:36:11] [SUCCESS] [2353/2466] Imported Mystic Accessory Box [UnlockEquipmentSlot_Accessory_02]
[2026-07-22 18:36:11] [SUCCESS] [2354/2466] Imported Extra Weapon Holster [UnlockEquipmentSlot_Weapon_01]
[2026-07-22 18:36:11] [SUCCESS] [2355/2466] Imported Extra Weapon Holster 2 [UnlockEquipmentSlot_Weapon_02]
[2026-07-22 18:36:12] [SUCCESS] [2356/2466] Imported en Text +87 [VenisonBoiledInTomato]
[2026-07-22 18:36:12] [SUCCESS] [2357/2466] Imported Venom Gland [Venom]
[2026-07-22 18:36:12] [SUCCESS] [2358/2466] Imported en Text +88 [WaterBucket]
[2026-07-22 18:36:12] [SUCCESS] [2359/2466] Imported Aquatic Construction Kit [WaterBuildKit]
[2026-07-22 18:36:13] [SUCCESS] [2360/2466] Imported Old Bow [WeakerBow]
[2026-07-22 18:36:13] [SUCCESS] [2361/2466] Imported Old Bow +1 [WeakerBow_2]
[2026-07-22 18:36:13] [SUCCESS] [2362/2466] Imported Old Bow +2 [WeakerBow_3]
[2026-07-22 18:36:13] [SUCCESS] [2363/2466] Imported Old Bow +3 [WeakerBow_4]
[2026-07-22 18:36:13] [SUCCESS] [2364/2466] Imported Old Bow +4 [WeakerBow_5]
[2026-07-22 18:36:14] [SUCCESS] [2365/2466] Imported Echoing Flute [WhaleWhistle]
[2026-07-22 18:36:14] [SUCCESS] [2366/2466] Imported Marine Echobone [WhaleWhistleFragment_01]
[2026-07-22 18:36:14] [SUCCESS] [2367/2466] Imported Silent Echobone [WhaleWhistleFragment_02]
[2026-07-22 18:36:14] [SUCCESS] [2368/2466] Imported Seafoam Echobone [WhaleWhistleFragment_03]
[2026-07-22 18:36:15] [SUCCESS] [2369/2466] Imported Tidewind Echobone [WhaleWhistleFragment_04]
[2026-07-22 18:36:15] [SUCCESS] [2370/2466] Imported Wheat [Wheat]
[2026-07-22 18:36:15] [SUCCESS] [2371/2466] Imported Wheat Seeds [WheatSeeds]
[2026-07-22 18:36:15] [SUCCESS] [2372/2466] Imported Beam Scatter [WidePenetrateShotgun]
[2026-07-22 18:36:16] [SUCCESS] [2373/2466] Imported Beam Scatter +1 [WidePenetrateShotgun_2]
[2026-07-22 18:36:16] [SUCCESS] [2374/2466] Imported Beam Scatter +2 [WidePenetrateShotgun_3]
[2026-07-22 18:36:16] [ERROR] [2375/2466] Failed WidePenetrateShotgun_4: Argument types do not match
[2026-07-22 18:36:16] [SUCCESS] [2376/2466] Imported Beam Scatter +4 [WidePenetrateShotgun_5]
[2026-07-22 18:36:16] [SUCCESS] [2377/2466] Imported Beam Scatter Ammo [WidePenetrateShotgunBullet]
[2026-07-22 18:36:17] [SUCCESS] [2378/2466] Imported Wine [Wine]
[2026-07-22 18:36:17] [SUCCESS] [2379/2466] Imported Wing Pack [WingGlider]
[2026-07-22 18:36:17] [SUCCESS] [2380/2466] Imported Wing Cell [WingGlider_Fuel]
[2026-07-22 18:36:17] [SUCCESS] [2381/2466] Imported Unknown Item (WingGlider_Test) [WingGlider_Test]
[2026-07-22 18:36:18] [SUCCESS] [2382/2466] Imported Wood [Wood]
[2026-07-22 18:36:18] [SUCCESS] [2383/2466] Imported Ancient Bark [Wood_Ancient]
[2026-07-22 18:36:18] [SUCCESS] [2384/2466] Imported Hardwood [Wood_Fine]
[2026-07-22 18:36:18] [SUCCESS] [2385/2466] Imported Mythical Wood [Wood_WorldTree]
[2026-07-22 18:36:18] [SUCCESS] [2386/2466] Imported Wool [Wool]
[2026-07-22 18:36:19] [SUCCESS] [2387/2466] Imported Applied Gathering Handbook I [WorkSuitability_AddTicket_Collection]
[2026-07-22 18:36:19] [SUCCESS] [2388/2466] Imported Applied Cooling Handbook I [WorkSuitability_AddTicket_Cool]
[2026-07-22 18:36:19] [SUCCESS] [2389/2466] Imported Applied Lumbering Handbook I [WorkSuitability_AddTicket_Deforest]
[2026-07-22 18:36:19] [SUCCESS] [2390/2466] Imported Applied Kindling Handbook I [WorkSuitability_AddTicket_EmitFlame]
[2026-07-22 18:36:20] [SUCCESS] [2391/2466] Imported Applied Generating Electricity Handbook I [WorkSuitability_AddTicket_GenerateElectricity]
[2026-07-22 18:36:20] [SUCCESS] [2392/2466] Imported Applied Handiwork Handbook I [WorkSuitability_AddTicket_Handcraft]
[2026-07-22 18:36:20] [SUCCESS] [2393/2466] Imported Applied Mining Handbook I [WorkSuitability_AddTicket_Mining]
[2026-07-22 18:36:20] [SUCCESS] [2394/2466] Imported Applied Ranching Handbook I [WorkSuitability_AddTicket_MonsterFarm]
[2026-07-22 18:36:20] [SUCCESS] [2395/2466] Imported Applied Medicine Production Handbook I [WorkSuitability_AddTicket_ProductMedicine]
[2026-07-22 18:36:21] [SUCCESS] [2396/2466] Imported Applied Planting Handbook I [WorkSuitability_AddTicket_Seeding]
[2026-07-22 18:36:21] [SUCCESS] [2397/2466] Imported Applied Transporting Handbook I [WorkSuitability_AddTicket_Transport]
[2026-07-22 18:36:21] [SUCCESS] [2398/2466] Imported Applied Watering Handbook I [WorkSuitability_AddTicket_Watering]
[2026-07-22 18:36:21] [SUCCESS] [2399/2466] Imported World Tree Holy Water [WorldTreeHolyWater]
[2026-07-22 18:36:22] [ERROR] [2400/2466] Failed WorldTreeIngot: Argument types do not match
[2026-07-22 18:36:22] [SUCCESS] [2401/2466] Imported Paloxite [WorldTreeOre]
[2026-07-22 18:36:22] [SUCCESS] [2402/2466] Imported Decayed Ancient Relic [WorldTreeRelic_01]
[2026-07-22 18:36:22] [SUCCESS] [2403/2466] Imported Dormant Ancient Relic [WorldTreeRelic_02]
[2026-07-22 18:36:22] [SUCCESS] [2404/2466] Imported Gorgeous Ancient Relic [WorldTreeRelic_03]
[2026-07-22 18:36:23] [SUCCESS] [2405/2466] Imported Glowing Ancient Relic [WorldTreeRelic_04]
[2026-07-22 18:36:23] [SUCCESS] [2406/2466] Imported Glistening Ancient Relic [WorldTreeRelic_05]
[2026-07-22 18:36:23] [SUCCESS] [2407/2466] Imported Broncherry Fried Noodles [Yakisoba]
[2026-07-22 18:36:23] [SUCCESS] [2408/2466] Imported Hallowed Plate Mail [YakushimaArmor001]
[2026-07-22 18:36:24] [SUCCESS] [2409/2466] Imported Hallowed Plate Mail +1 [YakushimaArmor001_2]
[2026-07-22 18:36:24] [SUCCESS] [2410/2466] Imported Hallowed Plate Mail +2 [YakushimaArmor001_3]
[2026-07-22 18:36:24] [SUCCESS] [2411/2466] Imported Hallowed Plate Mail +3 [YakushimaArmor001_4]
[2026-07-22 18:36:24] [SUCCESS] [2412/2466] Imported Hallowed Plate Mail +4 [YakushimaArmor001_5]
[2026-07-22 18:36:24] [SUCCESS] [2413/2466] Imported Meowmere [YakushimaBlade]
[2026-07-22 18:36:25] [SUCCESS] [2414/2466] Imported Terra Blade [YakushimaBlade002]
[2026-07-22 18:36:25] [SUCCESS] [2415/2466] Imported Terra Blade +1 [YakushimaBlade002_2]
[2026-07-22 18:36:25] [SUCCESS] [2416/2466] Imported Terra Blade +2 [YakushimaBlade002_3]
[2026-07-22 18:36:25] [SUCCESS] [2417/2466] Imported Terra Blade +3 [YakushimaBlade002_4]
[2026-07-22 18:36:26] [SUCCESS] [2418/2466] Imported Terra Blade +4 [YakushimaBlade002_5]
[2026-07-22 18:36:26] [SUCCESS] [2419/2466] Imported Terraprisma [YakushimaBlade003]
[2026-07-22 18:36:26] [SUCCESS] [2420/2466] Imported Terraprisma +1 [YakushimaBlade003_2]
[2026-07-22 18:36:26] [SUCCESS] [2421/2466] Imported Terraprisma +2 [YakushimaBlade003_3]
[2026-07-22 18:36:27] [SUCCESS] [2422/2466] Imported Terraprisma +3 [YakushimaBlade003_4]
[2026-07-22 18:36:27] [SUCCESS] [2423/2466] Imported Terraprisma +4 [YakushimaBlade003_5]
[2026-07-22 18:36:27] [SUCCESS] [2424/2466] Imported Excalibur [YakushimaBlade004]
[2026-07-22 18:36:27] [ERROR] [2425/2466] Failed YakushimaBlade004_2: Argument types do not match
[2026-07-22 18:36:28] [SUCCESS] [2426/2466] Imported Excalibur +2 [YakushimaBlade004_3]
[2026-07-22 18:36:28] [SUCCESS] [2427/2466] Imported Excalibur +3 [YakushimaBlade004_4]
[2026-07-22 18:36:28] [SUCCESS] [2428/2466] Imported Excalibur +4 [YakushimaBlade004_5]
[2026-07-22 18:36:28] [SUCCESS] [2429/2466] Imported Legendary Meowmere [YakushimaBlade005]
[2026-07-22 18:36:28] [SUCCESS] [2430/2466] Imported Vortex Beater [YakushimaGun001]
[2026-07-22 18:36:29] [SUCCESS] [2431/2466] Imported Vortex Beater +1 [YakushimaGun001_2]
[2026-07-22 18:36:29] [SUCCESS] [2432/2466] Imported Vortex Beater +2 [YakushimaGun001_3]
[2026-07-22 18:36:29] [SUCCESS] [2433/2466] Imported Vortex Beater +3 [YakushimaGun001_4]
[2026-07-22 18:36:29] [SUCCESS] [2434/2466] Imported Vortex Beater +4 [YakushimaGun001_5]
[2026-07-22 18:36:30] [SUCCESS] [2435/2466] Imported Hallowed Mask [YakushimaHeadEquip001]
[2026-07-22 18:36:30] [SUCCESS] [2436/2466] Imported Hallowed Mask +1 [YakushimaHeadEquip001_2]
[2026-07-22 18:36:30] [SUCCESS] [2437/2466] Imported Hallowed Mask +2 [YakushimaHeadEquip001_3]
[2026-07-22 18:36:30] [SUCCESS] [2438/2466] Imported Hallowed Mask +3 [YakushimaHeadEquip001_4]
[2026-07-22 18:36:30] [SUCCESS] [2439/2466] Imported Hallowed Mask +4 [YakushimaHeadEquip001_5]
[2026-07-22 18:36:31] [SUCCESS] [2440/2466] Imported Hallowed Headgear [YakushimaHeadEquip002]
[2026-07-22 18:36:31] [SUCCESS] [2441/2466] Imported Hallowed Headgear +1 [YakushimaHeadEquip002_2]
[2026-07-22 18:36:31] [SUCCESS] [2442/2466] Imported Hallowed Headgear +2 [YakushimaHeadEquip002_3]
[2026-07-22 18:36:31] [SUCCESS] [2443/2466] Imported Hallowed Headgear +3 [YakushimaHeadEquip002_4]
[2026-07-22 18:36:32] [SUCCESS] [2444/2466] Imported Hallowed Headgear +4 [YakushimaHeadEquip002_5]
[2026-07-22 18:36:32] [SUCCESS] [2445/2466] Imported Hallowed Helmet [YakushimaHeadEquip003]
[2026-07-22 18:36:32] [SUCCESS] [2446/2466] Imported Hallowed Helmet +1 [YakushimaHeadEquip003_2]
[2026-07-22 18:36:32] [SUCCESS] [2447/2466] Imported Hallowed Helmet +2 [YakushimaHeadEquip003_3]
[2026-07-22 18:36:32] [SUCCESS] [2448/2466] Imported Hallowed Helmet +3 [YakushimaHeadEquip003_4]
[2026-07-22 18:36:33] [SUCCESS] [2449/2466] Imported Hallowed Helmet +4 [YakushimaHeadEquip003_5]
[2026-07-22 18:36:33] [ERROR] [2450/2466] Failed YakushimaHeadEquip004: Argument types do not match
[2026-07-22 18:36:33] [SUCCESS] [2451/2466] Imported Hallowed Hood +1 [YakushimaHeadEquip004_2]
[2026-07-22 18:36:33] [SUCCESS] [2452/2466] Imported Hallowed Hood +2 [YakushimaHeadEquip004_3]
[2026-07-22 18:36:34] [SUCCESS] [2453/2466] Imported Hallowed Hood +3 [YakushimaHeadEquip004_4]
[2026-07-22 18:36:34] [SUCCESS] [2454/2466] Imported Hallowed Hood +4 [YakushimaHeadEquip004_5]
[2026-07-22 18:36:34] [SUCCESS] [2455/2466] Imported Moon Lord Mask [YakushimaHeadEquip005]
[2026-07-22 18:36:34] [SUCCESS] [2456/2466] Imported Eye of Cthulhu Mask [YakushimaHeadEquip006]
[2026-07-22 18:36:34] [SUCCESS] [2457/2466] Imported Hallowed Bar [YakushimaIngot001]
[2026-07-22 18:36:35] [SUCCESS] [2458/2466] Imported Luminite Bar [YakushimaIngot002]
[2026-07-22 18:36:35] [SUCCESS] [2459/2466] Imported Nightglow [YakushimaLantern001]
[2026-07-22 18:36:35] [SUCCESS] [2460/2466] Imported Nightglow +1 [YakushimaLantern001_2]
[2026-07-22 18:36:35] [SUCCESS] [2461/2466] Imported Nightglow +2 [YakushimaLantern001_3]
[2026-07-22 18:36:36] [SUCCESS] [2462/2466] Imported Nightglow +3 [YakushimaLantern001_4]
[2026-07-22 18:36:36] [SUCCESS] [2463/2466] Imported Nightglow +4 [YakushimaLantern001_5]
[2026-07-22 18:36:36] [SUCCESS] [2464/2466] Imported Unknown Item (YakushimaParts001) [YakushimaParts001]
[2026-07-22 18:36:36] [SUCCESS] [2465/2466] Imported Unknown Item (YakushimaParts002) [YakushimaParts002]
[2026-07-22 18:36:36] [SUCCESS] [2466/2466] Imported Unknown Item (YakushimaParts003) [YakushimaParts003]
[2026-07-22 18:36:37] [SUCCESS] Import complete. Successful: 2466. Failed this run: 98.
[2026-07-22 18:36:37] [SUCCESS] Primary launcher database: E:\Downloads\Aegis\Aegis-Palworld-Suite-2.3.0\Aegis-Palworld-Suite-2.3.0\Aegis-Paldeck-Item-Importer-1.0.2\Aegis-Paldeck-Item-Importer-1.0.2\Output\aegis-items.json
